run_id,timestamp_utc,path,host,victim_cpu,attacker_cpu,probe,model_tag,quant,ctx,npredict,decoding,temp,seed,repeat_idx,prompt_label,prompt_hash
20251125T005513Z-artemisia-v0a56-cache-tinyllama_1p1b-q4_0-c512-n16-g-seed42-r001,2025-11-25T00:55:13Z,logs/runs/20251125T005513Z-artemisia-v0a56-cache-tinyllama_1p1b-q4_0-c512-n16-g-seed42-r001,artemisia,0,56,cache,tinyllama_1p1b,q4_0,512,16,greedy,0.0,42,1,custom,
20251125T005513Z-artemisia-v0a56-cache-tinyllama_1p1b-q4_0-c512-n16-g-seed42-r002,2025-11-25T00:55:13Z,logs/runs/20251125T005513Z-artemisia-v0a56-cache-tinyllama_1p1b-q4_0-c512-n16-g-seed42-r002,artemisia,0,56,cache,tinyllama_1p1b,q4_0,512,16,greedy,0.0,42,2,custom,
20251125T005514Z-artemisia-v0a56-cache-tinyllama_1p1b-q4_0-c512-n16-g-seed42-r003,2025-11-25T00:55:14Z,logs/runs/20251125T005514Z-artemisia-v0a56-cache-tinyllama_1p1b-q4_0-c512-n16-g-seed42-r003,artemisia,0,56,cache,tinyllama_1p1b,q4_0,512,16,greedy,0.0,42,3,custom,
20251125T005514Z-artemisia-v0a56-cache-tinyllama_1p1b-q4_0-c512-n64-g-seed42-r001,2025-11-25T00:55:14Z,logs/runs/20251125T005514Z-artemisia-v0a56-cache-tinyllama_1p1b-q4_0-c512-n64-g-seed42-r001,artemisia,0,56,cache,tinyllama_1p1b,q4_0,512,64,greedy,0.0,42,1,custom,
20251125T005515Z-artemisia-v0a56-cache-tinyllama_1p1b-q4_0-c512-n64-g-seed42-r002,2025-11-25T00:55:15Z,logs/runs/20251125T005515Z-artemisia-v0a56-cache-tinyllama_1p1b-q4_0-c512-n64-g-seed42-r002,artemisia,0,56,cache,tinyllama_1p1b,q4_0,512,64,greedy,0.0,42,2,custom,
20251125T005515Z-artemisia-v0a56-cache-tinyllama_1p1b-q4_0-c512-n64-g-seed42-r003,2025-11-25T00:55:15Z,logs/runs/20251125T005515Z-artemisia-v0a56-cache-tinyllama_1p1b-q4_0-c512-n64-g-seed42-r003,artemisia,0,56,cache,tinyllama_1p1b,q4_0,512,64,greedy,0.0,42,3,custom,
20251125T005515Z-artemisia-v0a56-cache-tinyllama_1p1b-q4_0-c512-n256-g-seed42-r001,2025-11-25T00:55:15Z,logs/runs/20251125T005515Z-artemisia-v0a56-cache-tinyllama_1p1b-q4_0-c512-n256-g-seed42-r001,artemisia,0,56,cache,tinyllama_1p1b,q4_0,512,256,greedy,0.0,42,1,custom,
20251125T005516Z-artemisia-v0a56-cache-tinyllama_1p1b-q4_0-c512-n256-g-seed42-r002,2025-11-25T00:55:16Z,logs/runs/20251125T005516Z-artemisia-v0a56-cache-tinyllama_1p1b-q4_0-c512-n256-g-seed42-r002,artemisia,0,56,cache,tinyllama_1p1b,q4_0,512,256,greedy,0.0,42,2,custom,
20251125T005516Z-artemisia-v0a56-cache-tinyllama_1p1b-q4_0-c512-n256-g-seed42-r003,2025-11-25T00:55:16Z,logs/runs/20251125T005516Z-artemisia-v0a56-cache-tinyllama_1p1b-q4_0-c512-n256-g-seed42-r003,artemisia,0,56,cache,tinyllama_1p1b,q4_0,512,256,greedy,0.0,42,3,custom,
20251125T005853Z-artemisia-v0a56-pht--q4_0-c512-n64-s-seed42-r001,2025-11-25T00:58:53Z,logs/runs/20251125T005853Z-artemisia-v0a56-pht--q4_0-c512-n64-s-seed42-r001,artemisia,0,56,pht,,q4_0,512,64,sample,0.0,42,1,custom,
20251125T005854Z-artemisia-v0a56-pht--q4_0-c512-n64-s-seed42-r002,2025-11-25T00:58:54Z,logs/runs/20251125T005854Z-artemisia-v0a56-pht--q4_0-c512-n64-s-seed42-r002,artemisia,0,56,pht,,q4_0,512,64,sample,0.0,42,2,custom,
20251125T005854Z-artemisia-v0a56-pht--q4_0-c512-n64-s-seed42-r003,2025-11-25T00:58:54Z,logs/runs/20251125T005854Z-artemisia-v0a56-pht--q4_0-c512-n64-s-seed42-r003,artemisia,0,56,pht,,q4_0,512,64,sample,0.0,42,3,custom,
20251125T005854Z-artemisia-v0a56-pht--q4_0-c512-n64-s-seed42-r001,2025-11-25T00:58:54Z,logs/runs/20251125T005854Z-artemisia-v0a56-pht--q4_0-c512-n64-s-seed42-r001,artemisia,0,56,pht,,q4_0,512,64,sample,0.5,42,1,custom,
20251125T005855Z-artemisia-v0a56-pht--q4_0-c512-n64-s-seed42-r002,2025-11-25T00:58:55Z,logs/runs/20251125T005855Z-artemisia-v0a56-pht--q4_0-c512-n64-s-seed42-r002,artemisia,0,56,pht,,q4_0,512,64,sample,0.5,42,2,custom,
20251125T005855Z-artemisia-v0a56-pht--q4_0-c512-n64-s-seed42-r003,2025-11-25T00:58:55Z,logs/runs/20251125T005855Z-artemisia-v0a56-pht--q4_0-c512-n64-s-seed42-r003,artemisia,0,56,pht,,q4_0,512,64,sample,0.5,42,3,custom,
20251125T005855Z-artemisia-v0a56-pht--q4_0-c512-n64-s-seed42-r001,2025-11-25T00:58:55Z,logs/runs/20251125T005855Z-artemisia-v0a56-pht--q4_0-c512-n64-s-seed42-r001,artemisia,0,56,pht,,q4_0,512,64,sample,0.8,42,1,custom,
20251125T005856Z-artemisia-v0a56-pht--q4_0-c512-n64-s-seed42-r002,2025-11-25T00:58:56Z,logs/runs/20251125T005856Z-artemisia-v0a56-pht--q4_0-c512-n64-s-seed42-r002,artemisia,0,56,pht,,q4_0,512,64,sample,0.8,42,2,custom,
20251125T005856Z-artemisia-v0a56-pht--q4_0-c512-n64-s-seed42-r003,2025-11-25T00:58:56Z,logs/runs/20251125T005856Z-artemisia-v0a56-pht--q4_0-c512-n64-s-seed42-r003,artemisia,0,56,pht,,q4_0,512,64,sample,0.8,42,3,custom,
20251125T010435Z-artemisia-v0a56-pht--q4_0-c512-n64-s-seed42-r001,2025-11-25T01:04:35Z,logs/runs/20251125T010435Z-artemisia-v0a56-pht--q4_0-c512-n64-s-seed42-r001,artemisia,0,56,pht,,q4_0,512,64,sample,0.0,42,1,custom,
20251125T010435Z-artemisia-v0a56-pht--q4_0-c512-n64-s-seed42-r002,2025-11-25T01:04:35Z,logs/runs/20251125T010435Z-artemisia-v0a56-pht--q4_0-c512-n64-s-seed42-r002,artemisia,0,56,pht,,q4_0,512,64,sample,0.0,42,2,custom,
20251125T010436Z-artemisia-v0a56-pht--q4_0-c512-n64-s-seed42-r003,2025-11-25T01:04:36Z,logs/runs/20251125T010436Z-artemisia-v0a56-pht--q4_0-c512-n64-s-seed42-r003,artemisia,0,56,pht,,q4_0,512,64,sample,0.0,42,3,custom,
20251125T010436Z-artemisia-v0a56-pht--q4_0-c512-n64-s-seed42-r001,2025-11-25T01:04:36Z,logs/runs/20251125T010436Z-artemisia-v0a56-pht--q4_0-c512-n64-s-seed42-r001,artemisia,0,56,pht,,q4_0,512,64,sample,0.5,42,1,custom,
20251125T010436Z-artemisia-v0a56-pht--q4_0-c512-n64-s-seed42-r002,2025-11-25T01:04:36Z,logs/runs/20251125T010436Z-artemisia-v0a56-pht--q4_0-c512-n64-s-seed42-r002,artemisia,0,56,pht,,q4_0,512,64,sample,0.5,42,2,custom,
20251125T010437Z-artemisia-v0a56-pht--q4_0-c512-n64-s-seed42-r003,2025-11-25T01:04:37Z,logs/runs/20251125T010437Z-artemisia-v0a56-pht--q4_0-c512-n64-s-seed42-r003,artemisia,0,56,pht,,q4_0,512,64,sample,0.5,42,3,custom,
20251125T010437Z-artemisia-v0a56-pht--q4_0-c512-n64-s-seed42-r001,2025-11-25T01:04:37Z,logs/runs/20251125T010437Z-artemisia-v0a56-pht--q4_0-c512-n64-s-seed42-r001,artemisia,0,56,pht,,q4_0,512,64,sample,0.8,42,1,custom,
20251125T010437Z-artemisia-v0a56-pht--q4_0-c512-n64-s-seed42-r002,2025-11-25T01:04:37Z,logs/runs/20251125T010437Z-artemisia-v0a56-pht--q4_0-c512-n64-s-seed42-r002,artemisia,0,56,pht,,q4_0,512,64,sample,0.8,42,2,custom,
20251125T010438Z-artemisia-v0a56-pht--q4_0-c512-n64-s-seed42-r003,2025-11-25T01:04:38Z,logs/runs/20251125T010438Z-artemisia-v0a56-pht--q4_0-c512-n64-s-seed42-r003,artemisia,0,56,pht,,q4_0,512,64,sample,0.8,42,3,custom,
20251125T031859Z-artemisia-v0a56-cache-tinyllama_1p1b-q4_0-c512-n64-s-seed42-r001,2025-11-25T03:18:59Z,logs/runs/20251125T031859Z-artemisia-v0a56-cache-tinyllama_1p1b-q4_0-c512-n64-s-seed42-r001,artemisia,0,56,cache,tinyllama_1p1b,q4_0,512,64,sample,0.8,42,1,custom,
20251125T031902Z-artemisia-v0a56-cache-tinyllama_1p1b-q4_0-c512-n64-s-seed42-r002,2025-11-25T03:19:02Z,logs/runs/20251125T031902Z-artemisia-v0a56-cache-tinyllama_1p1b-q4_0-c512-n64-s-seed42-r002,artemisia,0,56,cache,tinyllama_1p1b,q4_0,512,64,sample,0.8,42,2,custom,
20251125T031904Z-artemisia-v0a56-cache-tinyllama_1p1b-q4_0-c512-n64-s-seed42-r003,2025-11-25T03:19:04Z,logs/runs/20251125T031904Z-artemisia-v0a56-cache-tinyllama_1p1b-q4_0-c512-n64-s-seed42-r003,artemisia,0,56,cache,tinyllama_1p1b,q4_0,512,64,sample,0.8,42,3,custom,
20251125T031907Z-artemisia-v0a56-cache-tinyllama_1p1b-q4_0-c512-n64-s-seed42-r001,2025-11-25T03:19:07Z,logs/runs/20251125T031907Z-artemisia-v0a56-cache-tinyllama_1p1b-q4_0-c512-n64-s-seed42-r001,artemisia,0,56,cache,tinyllama_1p1b,q4_0,512,64,sample,0.8,42,1,custom,
20251125T031909Z-artemisia-v0a56-cache-tinyllama_1p1b-q4_0-c512-n64-s-seed42-r002,2025-11-25T03:19:09Z,logs/runs/20251125T031909Z-artemisia-v0a56-cache-tinyllama_1p1b-q4_0-c512-n64-s-seed42-r002,artemisia,0,56,cache,tinyllama_1p1b,q4_0,512,64,sample,0.8,42,2,custom,
20251125T031912Z-artemisia-v0a56-cache-tinyllama_1p1b-q4_0-c512-n64-s-seed42-r003,2025-11-25T03:19:12Z,logs/runs/20251125T031912Z-artemisia-v0a56-cache-tinyllama_1p1b-q4_0-c512-n64-s-seed42-r003,artemisia,0,56,cache,tinyllama_1p1b,q4_0,512,64,sample,0.8,42,3,custom,
20251125T031914Z-artemisia-v0a56-cache-tinyllama_1p1b-q4_0-c512-n64-s-seed42-r001,2025-11-25T03:19:14Z,logs/runs/20251125T031914Z-artemisia-v0a56-cache-tinyllama_1p1b-q4_0-c512-n64-s-seed42-r001,artemisia,0,56,cache,tinyllama_1p1b,q4_0,512,64,sample,0.8,42,1,custom,
20251125T031916Z-artemisia-v0a56-cache-tinyllama_1p1b-q4_0-c512-n64-s-seed42-r002,2025-11-25T03:19:16Z,logs/runs/20251125T031916Z-artemisia-v0a56-cache-tinyllama_1p1b-q4_0-c512-n64-s-seed42-r002,artemisia,0,56,cache,tinyllama_1p1b,q4_0,512,64,sample,0.8,42,2,custom,
20251125T031919Z-artemisia-v0a56-cache-tinyllama_1p1b-q4_0-c512-n64-s-seed42-r003,2025-11-25T03:19:19Z,logs/runs/20251125T031919Z-artemisia-v0a56-cache-tinyllama_1p1b-q4_0-c512-n64-s-seed42-r003,artemisia,0,56,cache,tinyllama_1p1b,q4_0,512,64,sample,0.8,42,3,custom,
20251125T032816Z-artemisia-v0a56-cache-tinyllama_1p1b-q4_0-c512-n64-s-seed42-r001,2025-11-25T03:28:16Z,logs/runs/20251125T032816Z-artemisia-v0a56-cache-tinyllama_1p1b-q4_0-c512-n64-s-seed42-r001,artemisia,0,56,cache,tinyllama_1p1b,q4_0,512,64,sample,0.8,42,1,custom,
20251125T032819Z-artemisia-v0a56-cache-tinyllama_1p1b-q4_0-c512-n64-s-seed42-r002,2025-11-25T03:28:19Z,logs/runs/20251125T032819Z-artemisia-v0a56-cache-tinyllama_1p1b-q4_0-c512-n64-s-seed42-r002,artemisia,0,56,cache,tinyllama_1p1b,q4_0,512,64,sample,0.8,42,2,custom,
20251125T032821Z-artemisia-v0a56-cache-tinyllama_1p1b-q4_0-c512-n64-s-seed42-r003,2025-11-25T03:28:21Z,logs/runs/20251125T032821Z-artemisia-v0a56-cache-tinyllama_1p1b-q4_0-c512-n64-s-seed42-r003,artemisia,0,56,cache,tinyllama_1p1b,q4_0,512,64,sample,0.8,42,3,custom,
20251125T032824Z-artemisia-v0a56-cache-tinyllama_1p1b-q4_0-c512-n64-s-seed42-r001,2025-11-25T03:28:24Z,logs/runs/20251125T032824Z-artemisia-v0a56-cache-tinyllama_1p1b-q4_0-c512-n64-s-seed42-r001,artemisia,0,56,cache,tinyllama_1p1b,q4_0,512,64,sample,0.8,42,1,custom,
20251125T032826Z-artemisia-v0a56-cache-tinyllama_1p1b-q4_0-c512-n64-s-seed42-r002,2025-11-25T03:28:26Z,logs/runs/20251125T032826Z-artemisia-v0a56-cache-tinyllama_1p1b-q4_0-c512-n64-s-seed42-r002,artemisia,0,56,cache,tinyllama_1p1b,q4_0,512,64,sample,0.8,42,2,custom,
20251125T032829Z-artemisia-v0a56-cache-tinyllama_1p1b-q4_0-c512-n64-s-seed42-r003,2025-11-25T03:28:29Z,logs/runs/20251125T032829Z-artemisia-v0a56-cache-tinyllama_1p1b-q4_0-c512-n64-s-seed42-r003,artemisia,0,56,cache,tinyllama_1p1b,q4_0,512,64,sample,0.8,42,3,custom,
20251125T032831Z-artemisia-v0a56-cache-tinyllama_1p1b-q4_0-c512-n64-s-seed42-r001,2025-11-25T03:28:31Z,logs/runs/20251125T032831Z-artemisia-v0a56-cache-tinyllama_1p1b-q4_0-c512-n64-s-seed42-r001,artemisia,0,56,cache,tinyllama_1p1b,q4_0,512,64,sample,0.8,42,1,custom,
20251125T032833Z-artemisia-v0a56-cache-tinyllama_1p1b-q4_0-c512-n64-s-seed42-r002,2025-11-25T03:28:33Z,logs/runs/20251125T032833Z-artemisia-v0a56-cache-tinyllama_1p1b-q4_0-c512-n64-s-seed42-r002,artemisia,0,56,cache,tinyllama_1p1b,q4_0,512,64,sample,0.8,42,2,custom,
20251125T032836Z-artemisia-v0a56-cache-tinyllama_1p1b-q4_0-c512-n64-s-seed42-r003,2025-11-25T03:28:36Z,logs/runs/20251125T032836Z-artemisia-v0a56-cache-tinyllama_1p1b-q4_0-c512-n64-s-seed42-r003,artemisia,0,56,cache,tinyllama_1p1b,q4_0,512,64,sample,0.8,42,3,custom,
20251125T033219Z-artemisia-v0a56-cache-tinyllama_1p1b-q4_0-c512-n64-s-seed42-r001,2025-11-25T03:32:19Z,logs/runs/20251125T033219Z-artemisia-v0a56-cache-tinyllama_1p1b-q4_0-c512-n64-s-seed42-r001,artemisia,0,56,cache,tinyllama_1p1b,q4_0,512,64,sample,0.8,42,1,custom,
20251125T033222Z-artemisia-v0a56-cache-tinyllama_1p1b-q4_0-c512-n64-s-seed42-r002,2025-11-25T03:32:22Z,logs/runs/20251125T033222Z-artemisia-v0a56-cache-tinyllama_1p1b-q4_0-c512-n64-s-seed42-r002,artemisia,0,56,cache,tinyllama_1p1b,q4_0,512,64,sample,0.8,42,2,custom,
20251125T033224Z-artemisia-v0a56-cache-tinyllama_1p1b-q4_0-c512-n64-s-seed42-r003,2025-11-25T03:32:24Z,logs/runs/20251125T033224Z-artemisia-v0a56-cache-tinyllama_1p1b-q4_0-c512-n64-s-seed42-r003,artemisia,0,56,cache,tinyllama_1p1b,q4_0,512,64,sample,0.8,42,3,custom,
20251125T033227Z-artemisia-v0a56-cache-tinyllama_1p1b-q4_0-c512-n64-s-seed42-r001,2025-11-25T03:32:27Z,logs/runs/20251125T033227Z-artemisia-v0a56-cache-tinyllama_1p1b-q4_0-c512-n64-s-seed42-r001,artemisia,0,56,cache,tinyllama_1p1b,q4_0,512,64,sample,0.8,42,1,custom,
20251125T033229Z-artemisia-v0a56-cache-tinyllama_1p1b-q4_0-c512-n64-s-seed42-r002,2025-11-25T03:32:29Z,logs/runs/20251125T033229Z-artemisia-v0a56-cache-tinyllama_1p1b-q4_0-c512-n64-s-seed42-r002,artemisia,0,56,cache,tinyllama_1p1b,q4_0,512,64,sample,0.8,42,2,custom,
20251125T033231Z-artemisia-v0a56-cache-tinyllama_1p1b-q4_0-c512-n64-s-seed42-r003,2025-11-25T03:32:31Z,logs/runs/20251125T033231Z-artemisia-v0a56-cache-tinyllama_1p1b-q4_0-c512-n64-s-seed42-r003,artemisia,0,56,cache,tinyllama_1p1b,q4_0,512,64,sample,0.8,42,3,custom,
20251125T033234Z-artemisia-v0a56-cache-tinyllama_1p1b-q4_0-c512-n64-s-seed42-r001,2025-11-25T03:32:34Z,logs/runs/20251125T033234Z-artemisia-v0a56-cache-tinyllama_1p1b-q4_0-c512-n64-s-seed42-r001,artemisia,0,56,cache,tinyllama_1p1b,q4_0,512,64,sample,0.8,42,1,custom,
20251125T033236Z-artemisia-v0a56-cache-tinyllama_1p1b-q4_0-c512-n64-s-seed42-r002,2025-11-25T03:32:36Z,logs/runs/20251125T033236Z-artemisia-v0a56-cache-tinyllama_1p1b-q4_0-c512-n64-s-seed42-r002,artemisia,0,56,cache,tinyllama_1p1b,q4_0,512,64,sample,0.8,42,2,custom,
20251125T033239Z-artemisia-v0a56-cache-tinyllama_1p1b-q4_0-c512-n64-s-seed42-r003,2025-11-25T03:32:39Z,logs/runs/20251125T033239Z-artemisia-v0a56-cache-tinyllama_1p1b-q4_0-c512-n64-s-seed42-r003,artemisia,0,56,cache,tinyllama_1p1b,q4_0,512,64,sample,0.8,42,3,custom,
20251125T034440Z-artemisia-v0a56-cache-tinyllama_1p1b-q4_0-c512-n64-s-seed42-r001,2025-11-25T03:44:40Z,logs/runs/20251125T034440Z-artemisia-v0a56-cache-tinyllama_1p1b-q4_0-c512-n64-s-seed42-r001,artemisia,0,56,cache,tinyllama_1p1b,q4_0,512,64,sample,0.8,42,1,custom,
20251125T034443Z-artemisia-v0a56-cache-tinyllama_1p1b-q4_0-c512-n64-s-seed42-r002,2025-11-25T03:44:43Z,logs/runs/20251125T034443Z-artemisia-v0a56-cache-tinyllama_1p1b-q4_0-c512-n64-s-seed42-r002,artemisia,0,56,cache,tinyllama_1p1b,q4_0,512,64,sample,0.8,42,2,custom,
20251125T034445Z-artemisia-v0a56-cache-tinyllama_1p1b-q4_0-c512-n64-s-seed42-r003,2025-11-25T03:44:45Z,logs/runs/20251125T034445Z-artemisia-v0a56-cache-tinyllama_1p1b-q4_0-c512-n64-s-seed42-r003,artemisia,0,56,cache,tinyllama_1p1b,q4_0,512,64,sample,0.8,42,3,custom,
20251125T034448Z-artemisia-v0a56-cache-tinyllama_1p1b-q4_0-c512-n64-s-seed42-r001,2025-11-25T03:44:48Z,logs/runs/20251125T034448Z-artemisia-v0a56-cache-tinyllama_1p1b-q4_0-c512-n64-s-seed42-r001,artemisia,0,56,cache,tinyllama_1p1b,q4_0,512,64,sample,0.8,42,1,custom,
20251125T034450Z-artemisia-v0a56-cache-tinyllama_1p1b-q4_0-c512-n64-s-seed42-r002,2025-11-25T03:44:50Z,logs/runs/20251125T034450Z-artemisia-v0a56-cache-tinyllama_1p1b-q4_0-c512-n64-s-seed42-r002,artemisia,0,56,cache,tinyllama_1p1b,q4_0,512,64,sample,0.8,42,2,custom,
20251125T034452Z-artemisia-v0a56-cache-tinyllama_1p1b-q4_0-c512-n64-s-seed42-r003,2025-11-25T03:44:52Z,logs/runs/20251125T034452Z-artemisia-v0a56-cache-tinyllama_1p1b-q4_0-c512-n64-s-seed42-r003,artemisia,0,56,cache,tinyllama_1p1b,q4_0,512,64,sample,0.8,42,3,custom,
20251125T034455Z-artemisia-v0a56-cache-tinyllama_1p1b-q4_0-c512-n64-s-seed42-r001,2025-11-25T03:44:55Z,logs/runs/20251125T034455Z-artemisia-v0a56-cache-tinyllama_1p1b-q4_0-c512-n64-s-seed42-r001,artemisia,0,56,cache,tinyllama_1p1b,q4_0,512,64,sample,0.8,42,1,custom,
20251125T034457Z-artemisia-v0a56-cache-tinyllama_1p1b-q4_0-c512-n64-s-seed42-r002,2025-11-25T03:44:57Z,logs/runs/20251125T034457Z-artemisia-v0a56-cache-tinyllama_1p1b-q4_0-c512-n64-s-seed42-r002,artemisia,0,56,cache,tinyllama_1p1b,q4_0,512,64,sample,0.8,42,2,custom,
20251125T034500Z-artemisia-v0a56-cache-tinyllama_1p1b-q4_0-c512-n64-s-seed42-r003,2025-11-25T03:45:00Z,logs/runs/20251125T034500Z-artemisia-v0a56-cache-tinyllama_1p1b-q4_0-c512-n64-s-seed42-r003,artemisia,0,56,cache,tinyllama_1p1b,q4_0,512,64,sample,0.8,42,3,custom,
20251125T035516Z-artemisia-v0a56-cache-tinyllama_1p1b-q4_0-c512-n64-s-seed42-r001,2025-11-25T03:55:16Z,logs/runs/20251125T035516Z-artemisia-v0a56-cache-tinyllama_1p1b-q4_0-c512-n64-s-seed42-r001,artemisia,0,56,cache,tinyllama_1p1b,q4_0,512,64,sample,0.8,42,1,custom,
20251125T035518Z-artemisia-v0a56-cache-tinyllama_1p1b-q4_0-c512-n64-s-seed42-r002,2025-11-25T03:55:18Z,logs/runs/20251125T035518Z-artemisia-v0a56-cache-tinyllama_1p1b-q4_0-c512-n64-s-seed42-r002,artemisia,0,56,cache,tinyllama_1p1b,q4_0,512,64,sample,0.8,42,2,custom,
20251125T035520Z-artemisia-v0a56-cache-tinyllama_1p1b-q4_0-c512-n64-s-seed42-r003,2025-11-25T03:55:20Z,logs/runs/20251125T035520Z-artemisia-v0a56-cache-tinyllama_1p1b-q4_0-c512-n64-s-seed42-r003,artemisia,0,56,cache,tinyllama_1p1b,q4_0,512,64,sample,0.8,42,3,custom,
20251125T035523Z-artemisia-v0a56-cache-tinyllama_1p1b-q4_0-c512-n64-s-seed42-r001,2025-11-25T03:55:23Z,logs/runs/20251125T035523Z-artemisia-v0a56-cache-tinyllama_1p1b-q4_0-c512-n64-s-seed42-r001,artemisia,0,56,cache,tinyllama_1p1b,q4_0,512,64,sample,0.8,42,1,custom,
20251125T035525Z-artemisia-v0a56-cache-tinyllama_1p1b-q4_0-c512-n64-s-seed42-r002,2025-11-25T03:55:25Z,logs/runs/20251125T035525Z-artemisia-v0a56-cache-tinyllama_1p1b-q4_0-c512-n64-s-seed42-r002,artemisia,0,56,cache,tinyllama_1p1b,q4_0,512,64,sample,0.8,42,2,custom,
20251125T035528Z-artemisia-v0a56-cache-tinyllama_1p1b-q4_0-c512-n64-s-seed42-r003,2025-11-25T03:55:28Z,logs/runs/20251125T035528Z-artemisia-v0a56-cache-tinyllama_1p1b-q4_0-c512-n64-s-seed42-r003,artemisia,0,56,cache,tinyllama_1p1b,q4_0,512,64,sample,0.8,42,3,custom,
20251125T035530Z-artemisia-v0a56-cache-tinyllama_1p1b-q4_0-c512-n64-s-seed42-r001,2025-11-25T03:55:30Z,logs/runs/20251125T035530Z-artemisia-v0a56-cache-tinyllama_1p1b-q4_0-c512-n64-s-seed42-r001,artemisia,0,56,cache,tinyllama_1p1b,q4_0,512,64,sample,0.8,42,1,custom,
20251125T035533Z-artemisia-v0a56-cache-tinyllama_1p1b-q4_0-c512-n64-s-seed42-r002,2025-11-25T03:55:33Z,logs/runs/20251125T035533Z-artemisia-v0a56-cache-tinyllama_1p1b-q4_0-c512-n64-s-seed42-r002,artemisia,0,56,cache,tinyllama_1p1b,q4_0,512,64,sample,0.8,42,2,custom,
20251125T035535Z-artemisia-v0a56-cache-tinyllama_1p1b-q4_0-c512-n64-s-seed42-r003,2025-11-25T03:55:35Z,logs/runs/20251125T035535Z-artemisia-v0a56-cache-tinyllama_1p1b-q4_0-c512-n64-s-seed42-r003,artemisia,0,56,cache,tinyllama_1p1b,q4_0,512,64,sample,0.8,42,3,custom,
20251125T035755Z-artemisia-v0a56-cache-tinyllama_1p1b-q4_0-c512-n64-s-seed42-r001,2025-11-25T03:57:55Z,logs/runs/20251125T035755Z-artemisia-v0a56-cache-tinyllama_1p1b-q4_0-c512-n64-s-seed42-r001,artemisia,0,56,cache,tinyllama_1p1b,q4_0,512,64,sample,0.8,42,1,custom,
20251125T035757Z-artemisia-v0a56-cache-tinyllama_1p1b-q4_0-c512-n64-s-seed42-r002,2025-11-25T03:57:57Z,logs/runs/20251125T035757Z-artemisia-v0a56-cache-tinyllama_1p1b-q4_0-c512-n64-s-seed42-r002,artemisia,0,56,cache,tinyllama_1p1b,q4_0,512,64,sample,0.8,42,2,custom,
20251125T035800Z-artemisia-v0a56-cache-tinyllama_1p1b-q4_0-c512-n64-s-seed42-r003,2025-11-25T03:58:00Z,logs/runs/20251125T035800Z-artemisia-v0a56-cache-tinyllama_1p1b-q4_0-c512-n64-s-seed42-r003,artemisia,0,56,cache,tinyllama_1p1b,q4_0,512,64,sample,0.8,42,3,custom,
20251125T035802Z-artemisia-v0a56-cache-tinyllama_1p1b-q4_0-c512-n64-s-seed42-r001,2025-11-25T03:58:02Z,logs/runs/20251125T035802Z-artemisia-v0a56-cache-tinyllama_1p1b-q4_0-c512-n64-s-seed42-r001,artemisia,0,56,cache,tinyllama_1p1b,q4_0,512,64,sample,0.8,42,1,custom,
20251125T035805Z-artemisia-v0a56-cache-tinyllama_1p1b-q4_0-c512-n64-s-seed42-r002,2025-11-25T03:58:05Z,logs/runs/20251125T035805Z-artemisia-v0a56-cache-tinyllama_1p1b-q4_0-c512-n64-s-seed42-r002,artemisia,0,56,cache,tinyllama_1p1b,q4_0,512,64,sample,0.8,42,2,custom,
20251125T035807Z-artemisia-v0a56-cache-tinyllama_1p1b-q4_0-c512-n64-s-seed42-r003,2025-11-25T03:58:07Z,logs/runs/20251125T035807Z-artemisia-v0a56-cache-tinyllama_1p1b-q4_0-c512-n64-s-seed42-r003,artemisia,0,56,cache,tinyllama_1p1b,q4_0,512,64,sample,0.8,42,3,custom,
20251125T035809Z-artemisia-v0a56-cache-tinyllama_1p1b-q4_0-c512-n64-s-seed42-r001,2025-11-25T03:58:09Z,logs/runs/20251125T035809Z-artemisia-v0a56-cache-tinyllama_1p1b-q4_0-c512-n64-s-seed42-r001,artemisia,0,56,cache,tinyllama_1p1b,q4_0,512,64,sample,0.8,42,1,custom,
20251125T035812Z-artemisia-v0a56-cache-tinyllama_1p1b-q4_0-c512-n64-s-seed42-r002,2025-11-25T03:58:12Z,logs/runs/20251125T035812Z-artemisia-v0a56-cache-tinyllama_1p1b-q4_0-c512-n64-s-seed42-r002,artemisia,0,56,cache,tinyllama_1p1b,q4_0,512,64,sample,0.8,42,2,custom,
20251125T035814Z-artemisia-v0a56-cache-tinyllama_1p1b-q4_0-c512-n64-s-seed42-r003,2025-11-25T03:58:14Z,logs/runs/20251125T035814Z-artemisia-v0a56-cache-tinyllama_1p1b-q4_0-c512-n64-s-seed42-r003,artemisia,0,56,cache,tinyllama_1p1b,q4_0,512,64,sample,0.8,42,3,custom,
20251125T040118Z-artemisia-v0a56-cache-tinyllama_1p1b-q4_0-c512-n64-s-seed42-r001,2025-11-25T04:01:18Z,logs/runs/20251125T040118Z-artemisia-v0a56-cache-tinyllama_1p1b-q4_0-c512-n64-s-seed42-r001,artemisia,0,56,cache,tinyllama_1p1b,q4_0,512,64,sample,0.8,42,1,custom,
20251125T040120Z-artemisia-v0a56-cache-tinyllama_1p1b-q4_0-c512-n64-s-seed42-r002,2025-11-25T04:01:20Z,logs/runs/20251125T040120Z-artemisia-v0a56-cache-tinyllama_1p1b-q4_0-c512-n64-s-seed42-r002,artemisia,0,56,cache,tinyllama_1p1b,q4_0,512,64,sample,0.8,42,2,custom,
20251125T040122Z-artemisia-v0a56-cache-tinyllama_1p1b-q4_0-c512-n64-s-seed42-r003,2025-11-25T04:01:22Z,logs/runs/20251125T040122Z-artemisia-v0a56-cache-tinyllama_1p1b-q4_0-c512-n64-s-seed42-r003,artemisia,0,56,cache,tinyllama_1p1b,q4_0,512,64,sample,0.8,42,3,custom,
20251125T040125Z-artemisia-v0a56-cache-tinyllama_1p1b-q4_0-c512-n64-s-seed42-r001,2025-11-25T04:01:25Z,logs/runs/20251125T040125Z-artemisia-v0a56-cache-tinyllama_1p1b-q4_0-c512-n64-s-seed42-r001,artemisia,0,56,cache,tinyllama_1p1b,q4_0,512,64,sample,0.8,42,1,custom,
20251125T040127Z-artemisia-v0a56-cache-tinyllama_1p1b-q4_0-c512-n64-s-seed42-r002,2025-11-25T04:01:27Z,logs/runs/20251125T040127Z-artemisia-v0a56-cache-tinyllama_1p1b-q4_0-c512-n64-s-seed42-r002,artemisia,0,56,cache,tinyllama_1p1b,q4_0,512,64,sample,0.8,42,2,custom,
20251125T040130Z-artemisia-v0a56-cache-tinyllama_1p1b-q4_0-c512-n64-s-seed42-r003,2025-11-25T04:01:30Z,logs/runs/20251125T040130Z-artemisia-v0a56-cache-tinyllama_1p1b-q4_0-c512-n64-s-seed42-r003,artemisia,0,56,cache,tinyllama_1p1b,q4_0,512,64,sample,0.8,42,3,custom,
20251125T040132Z-artemisia-v0a56-cache-tinyllama_1p1b-q4_0-c512-n64-s-seed42-r001,2025-11-25T04:01:32Z,logs/runs/20251125T040132Z-artemisia-v0a56-cache-tinyllama_1p1b-q4_0-c512-n64-s-seed42-r001,artemisia,0,56,cache,tinyllama_1p1b,q4_0,512,64,sample,0.8,42,1,custom,
20251125T040135Z-artemisia-v0a56-cache-tinyllama_1p1b-q4_0-c512-n64-s-seed42-r002,2025-11-25T04:01:35Z,logs/runs/20251125T040135Z-artemisia-v0a56-cache-tinyllama_1p1b-q4_0-c512-n64-s-seed42-r002,artemisia,0,56,cache,tinyllama_1p1b,q4_0,512,64,sample,0.8,42,2,custom,
20251125T040137Z-artemisia-v0a56-cache-tinyllama_1p1b-q4_0-c512-n64-s-seed42-r003,2025-11-25T04:01:37Z,logs/runs/20251125T040137Z-artemisia-v0a56-cache-tinyllama_1p1b-q4_0-c512-n64-s-seed42-r003,artemisia,0,56,cache,tinyllama_1p1b,q4_0,512,64,sample,0.8,42,3,custom,
20251125T040346Z-artemisia-v0a56-cache-tinyllama_1p1b-q4_0-c512-n256-s-seed42-r001,2025-11-25T04:03:46Z,logs/runs/20251125T040346Z-artemisia-v0a56-cache-tinyllama_1p1b-q4_0-c512-n256-s-seed42-r001,artemisia,0,56,cache,tinyllama_1p1b,q4_0,512,256,sample,1.3,42,1,custom,
20251125T040348Z-artemisia-v0a56-cache-tinyllama_1p1b-q4_0-c512-n256-s-seed42-r002,2025-11-25T04:03:48Z,logs/runs/20251125T040348Z-artemisia-v0a56-cache-tinyllama_1p1b-q4_0-c512-n256-s-seed42-r002,artemisia,0,56,cache,tinyllama_1p1b,q4_0,512,256,sample,1.3,42,2,custom,
20251125T040351Z-artemisia-v0a56-cache-tinyllama_1p1b-q4_0-c512-n256-s-seed42-r003,2025-11-25T04:03:51Z,logs/runs/20251125T040351Z-artemisia-v0a56-cache-tinyllama_1p1b-q4_0-c512-n256-s-seed42-r003,artemisia,0,56,cache,tinyllama_1p1b,q4_0,512,256,sample,1.3,42,3,custom,
20251125T040353Z-artemisia-v0a56-btb-tinyllama_1p1b-q4_0-c512-n256-s-seed42-r001,2025-11-25T04:03:53Z,logs/runs/20251125T040353Z-artemisia-v0a56-btb-tinyllama_1p1b-q4_0-c512-n256-s-seed42-r001,artemisia,0,56,btb,tinyllama_1p1b,q4_0,512,256,sample,1.3,42,1,custom,
20251125T040356Z-artemisia-v0a56-btb-tinyllama_1p1b-q4_0-c512-n256-s-seed42-r002,2025-11-25T04:03:56Z,logs/runs/20251125T040356Z-artemisia-v0a56-btb-tinyllama_1p1b-q4_0-c512-n256-s-seed42-r002,artemisia,0,56,btb,tinyllama_1p1b,q4_0,512,256,sample,1.3,42,2,custom,
20251125T040358Z-artemisia-v0a56-btb-tinyllama_1p1b-q4_0-c512-n256-s-seed42-r003,2025-11-25T04:03:58Z,logs/runs/20251125T040358Z-artemisia-v0a56-btb-tinyllama_1p1b-q4_0-c512-n256-s-seed42-r003,artemisia,0,56,btb,tinyllama_1p1b,q4_0,512,256,sample,1.3,42,3,custom,
20251125T040401Z-artemisia-v0a56-pht-tinyllama_1p1b-q4_0-c512-n256-s-seed42-r001,2025-11-25T04:04:01Z,logs/runs/20251125T040401Z-artemisia-v0a56-pht-tinyllama_1p1b-q4_0-c512-n256-s-seed42-r001,artemisia,0,56,pht,tinyllama_1p1b,q4_0,512,256,sample,1.3,42,1,custom,
20251125T040403Z-artemisia-v0a56-pht-tinyllama_1p1b-q4_0-c512-n256-s-seed42-r002,2025-11-25T04:04:03Z,logs/runs/20251125T040403Z-artemisia-v0a56-pht-tinyllama_1p1b-q4_0-c512-n256-s-seed42-r002,artemisia,0,56,pht,tinyllama_1p1b,q4_0,512,256,sample,1.3,42,2,custom,
20251125T040405Z-artemisia-v0a56-pht-tinyllama_1p1b-q4_0-c512-n256-s-seed42-r003,2025-11-25T04:04:05Z,logs/runs/20251125T040405Z-artemisia-v0a56-pht-tinyllama_1p1b-q4_0-c512-n256-s-seed42-r003,artemisia,0,56,pht,tinyllama_1p1b,q4_0,512,256,sample,1.3,42,3,custom,
20251125T040408Z-artemisia-v0a56-cache-tinyllama_1p1b-q4_0-c512-n256-s-seed42-r001,2025-11-25T04:04:08Z,logs/runs/20251125T040408Z-artemisia-v0a56-cache-tinyllama_1p1b-q4_0-c512-n256-s-seed42-r001,artemisia,0,56,cache,tinyllama_1p1b,q4_0,512,256,sample,1.3,42,1,custom,
20251125T040410Z-artemisia-v0a56-cache-tinyllama_1p1b-q4_0-c512-n256-s-seed42-r002,2025-11-25T04:04:10Z,logs/runs/20251125T040410Z-artemisia-v0a56-cache-tinyllama_1p1b-q4_0-c512-n256-s-seed42-r002,artemisia,0,56,cache,tinyllama_1p1b,q4_0,512,256,sample,1.3,42,2,custom,
20251125T040413Z-artemisia-v0a56-cache-tinyllama_1p1b-q4_0-c512-n256-s-seed42-r003,2025-11-25T04:04:13Z,logs/runs/20251125T040413Z-artemisia-v0a56-cache-tinyllama_1p1b-q4_0-c512-n256-s-seed42-r003,artemisia,0,56,cache,tinyllama_1p1b,q4_0,512,256,sample,1.3,42,3,custom,
20251125T040416Z-artemisia-v0a56-btb-tinyllama_1p1b-q4_0-c512-n256-s-seed42-r001,2025-11-25T04:04:16Z,logs/runs/20251125T040416Z-artemisia-v0a56-btb-tinyllama_1p1b-q4_0-c512-n256-s-seed42-r001,artemisia,0,56,btb,tinyllama_1p1b,q4_0,512,256,sample,1.3,42,1,custom,
20251125T040418Z-artemisia-v0a56-btb-tinyllama_1p1b-q4_0-c512-n256-s-seed42-r002,2025-11-25T04:04:18Z,logs/runs/20251125T040418Z-artemisia-v0a56-btb-tinyllama_1p1b-q4_0-c512-n256-s-seed42-r002,artemisia,0,56,btb,tinyllama_1p1b,q4_0,512,256,sample,1.3,42,2,custom,
20251125T040420Z-artemisia-v0a56-btb-tinyllama_1p1b-q4_0-c512-n256-s-seed42-r003,2025-11-25T04:04:20Z,logs/runs/20251125T040420Z-artemisia-v0a56-btb-tinyllama_1p1b-q4_0-c512-n256-s-seed42-r003,artemisia,0,56,btb,tinyllama_1p1b,q4_0,512,256,sample,1.3,42,3,custom,
20251125T040423Z-artemisia-v0a56-pht-tinyllama_1p1b-q4_0-c512-n256-s-seed42-r001,2025-11-25T04:04:23Z,logs/runs/20251125T040423Z-artemisia-v0a56-pht-tinyllama_1p1b-q4_0-c512-n256-s-seed42-r001,artemisia,0,56,pht,tinyllama_1p1b,q4_0,512,256,sample,1.3,42,1,custom,
20251125T040425Z-artemisia-v0a56-pht-tinyllama_1p1b-q4_0-c512-n256-s-seed42-r002,2025-11-25T04:04:25Z,logs/runs/20251125T040425Z-artemisia-v0a56-pht-tinyllama_1p1b-q4_0-c512-n256-s-seed42-r002,artemisia,0,56,pht,tinyllama_1p1b,q4_0,512,256,sample,1.3,42,2,custom,
20251125T040428Z-artemisia-v0a56-pht-tinyllama_1p1b-q4_0-c512-n256-s-seed42-r003,2025-11-25T04:04:28Z,logs/runs/20251125T040428Z-artemisia-v0a56-pht-tinyllama_1p1b-q4_0-c512-n256-s-seed42-r003,artemisia,0,56,pht,tinyllama_1p1b,q4_0,512,256,sample,1.3,42,3,custom,
20251125T040430Z-artemisia-v0a56-cache-tinyllama_1p1b-q4_0-c512-n256-s-seed42-r001,2025-11-25T04:04:30Z,logs/runs/20251125T040430Z-artemisia-v0a56-cache-tinyllama_1p1b-q4_0-c512-n256-s-seed42-r001,artemisia,0,56,cache,tinyllama_1p1b,q4_0,512,256,sample,1.3,42,1,custom,
20251125T040433Z-artemisia-v0a56-cache-tinyllama_1p1b-q4_0-c512-n256-s-seed42-r002,2025-11-25T04:04:33Z,logs/runs/20251125T040433Z-artemisia-v0a56-cache-tinyllama_1p1b-q4_0-c512-n256-s-seed42-r002,artemisia,0,56,cache,tinyllama_1p1b,q4_0,512,256,sample,1.3,42,2,custom,
20251125T040436Z-artemisia-v0a56-cache-tinyllama_1p1b-q4_0-c512-n256-s-seed42-r003,2025-11-25T04:04:36Z,logs/runs/20251125T040436Z-artemisia-v0a56-cache-tinyllama_1p1b-q4_0-c512-n256-s-seed42-r003,artemisia,0,56,cache,tinyllama_1p1b,q4_0,512,256,sample,1.3,42,3,custom,
20251125T040438Z-artemisia-v0a56-btb-tinyllama_1p1b-q4_0-c512-n256-s-seed42-r001,2025-11-25T04:04:38Z,logs/runs/20251125T040438Z-artemisia-v0a56-btb-tinyllama_1p1b-q4_0-c512-n256-s-seed42-r001,artemisia,0,56,btb,tinyllama_1p1b,q4_0,512,256,sample,1.3,42,1,custom,
20251125T040441Z-artemisia-v0a56-btb-tinyllama_1p1b-q4_0-c512-n256-s-seed42-r002,2025-11-25T04:04:41Z,logs/runs/20251125T040441Z-artemisia-v0a56-btb-tinyllama_1p1b-q4_0-c512-n256-s-seed42-r002,artemisia,0,56,btb,tinyllama_1p1b,q4_0,512,256,sample,1.3,42,2,custom,
20251125T040443Z-artemisia-v0a56-btb-tinyllama_1p1b-q4_0-c512-n256-s-seed42-r003,2025-11-25T04:04:43Z,logs/runs/20251125T040443Z-artemisia-v0a56-btb-tinyllama_1p1b-q4_0-c512-n256-s-seed42-r003,artemisia,0,56,btb,tinyllama_1p1b,q4_0,512,256,sample,1.3,42,3,custom,
20251125T040445Z-artemisia-v0a56-pht-tinyllama_1p1b-q4_0-c512-n256-s-seed42-r001,2025-11-25T04:04:45Z,logs/runs/20251125T040445Z-artemisia-v0a56-pht-tinyllama_1p1b-q4_0-c512-n256-s-seed42-r001,artemisia,0,56,pht,tinyllama_1p1b,q4_0,512,256,sample,1.3,42,1,custom,
20251125T040448Z-artemisia-v0a56-pht-tinyllama_1p1b-q4_0-c512-n256-s-seed42-r002,2025-11-25T04:04:48Z,logs/runs/20251125T040448Z-artemisia-v0a56-pht-tinyllama_1p1b-q4_0-c512-n256-s-seed42-r002,artemisia,0,56,pht,tinyllama_1p1b,q4_0,512,256,sample,1.3,42,2,custom,
20251125T040450Z-artemisia-v0a56-pht-tinyllama_1p1b-q4_0-c512-n256-s-seed42-r003,2025-11-25T04:04:50Z,logs/runs/20251125T040450Z-artemisia-v0a56-pht-tinyllama_1p1b-q4_0-c512-n256-s-seed42-r003,artemisia,0,56,pht,tinyllama_1p1b,q4_0,512,256,sample,1.3,42,3,custom,
20251125T042450Z-artemisia-v0a56-cache-tinyllama_1p1b-q4_0-c512-n64-g-seed42-r001,2025-11-25T04:24:50Z,logs/runs/20251125T042450Z-artemisia-v0a56-cache-tinyllama_1p1b-q4_0-c512-n64-g-seed42-r001,artemisia,0,56,cache,tinyllama_1p1b,q4_0,512,64,greedy,0.0,42,1,NL,
20251125T042452Z-artemisia-v0a56-cache-tinyllama_1p1b-q4_0-c512-n64-g-seed42-r002,2025-11-25T04:24:52Z,logs/runs/20251125T042452Z-artemisia-v0a56-cache-tinyllama_1p1b-q4_0-c512-n64-g-seed42-r002,artemisia,0,56,cache,tinyllama_1p1b,q4_0,512,64,greedy,0.0,42,2,NL,
20251125T042455Z-artemisia-v0a56-cache-tinyllama_1p1b-q4_0-c512-n64-g-seed42-r003,2025-11-25T04:24:55Z,logs/runs/20251125T042455Z-artemisia-v0a56-cache-tinyllama_1p1b-q4_0-c512-n64-g-seed42-r003,artemisia,0,56,cache,tinyllama_1p1b,q4_0,512,64,greedy,0.0,42,3,NL,
20251125T042457Z-artemisia-v0a56-cache-tinyllama_1p1b-q4_0-c512-n64-g-seed42-r001,2025-11-25T04:24:57Z,logs/runs/20251125T042457Z-artemisia-v0a56-cache-tinyllama_1p1b-q4_0-c512-n64-g-seed42-r001,artemisia,0,56,cache,tinyllama_1p1b,q4_0,512,64,greedy,0.0,42,1,MATH,
20251125T042500Z-artemisia-v0a56-cache-tinyllama_1p1b-q4_0-c512-n64-g-seed42-r002,2025-11-25T04:25:00Z,logs/runs/20251125T042500Z-artemisia-v0a56-cache-tinyllama_1p1b-q4_0-c512-n64-g-seed42-r002,artemisia,0,56,cache,tinyllama_1p1b,q4_0,512,64,greedy,0.0,42,2,MATH,
20251125T042502Z-artemisia-v0a56-cache-tinyllama_1p1b-q4_0-c512-n64-g-seed42-r003,2025-11-25T04:25:02Z,logs/runs/20251125T042502Z-artemisia-v0a56-cache-tinyllama_1p1b-q4_0-c512-n64-g-seed42-r003,artemisia,0,56,cache,tinyllama_1p1b,q4_0,512,64,greedy,0.0,42,3,MATH,
20251125T042505Z-artemisia-v0a56-cache-tinyllama_1p1b-q4_0-c512-n64-g-seed42-r001,2025-11-25T04:25:05Z,logs/runs/20251125T042505Z-artemisia-v0a56-cache-tinyllama_1p1b-q4_0-c512-n64-g-seed42-r001,artemisia,0,56,cache,tinyllama_1p1b,q4_0,512,64,greedy,0.0,42,1,CODE,
20251125T042507Z-artemisia-v0a56-cache-tinyllama_1p1b-q4_0-c512-n64-g-seed42-r002,2025-11-25T04:25:07Z,logs/runs/20251125T042507Z-artemisia-v0a56-cache-tinyllama_1p1b-q4_0-c512-n64-g-seed42-r002,artemisia,0,56,cache,tinyllama_1p1b,q4_0,512,64,greedy,0.0,42,2,CODE,
20251125T042509Z-artemisia-v0a56-cache-tinyllama_1p1b-q4_0-c512-n64-g-seed42-r003,2025-11-25T04:25:09Z,logs/runs/20251125T042509Z-artemisia-v0a56-cache-tinyllama_1p1b-q4_0-c512-n64-g-seed42-r003,artemisia,0,56,cache,tinyllama_1p1b,q4_0,512,64,greedy,0.0,42,3,CODE,
20251125T042512Z-artemisia-v0a56-cache-tinyllama_1p1b-q4_0-c512-n64-g-seed42-r001,2025-11-25T04:25:12Z,logs/runs/20251125T042512Z-artemisia-v0a56-cache-tinyllama_1p1b-q4_0-c512-n64-g-seed42-r001,artemisia,0,56,cache,tinyllama_1p1b,q4_0,512,64,greedy,0.0,42,1,TECH,
20251125T042514Z-artemisia-v0a56-cache-tinyllama_1p1b-q4_0-c512-n64-g-seed42-r002,2025-11-25T04:25:14Z,logs/runs/20251125T042514Z-artemisia-v0a56-cache-tinyllama_1p1b-q4_0-c512-n64-g-seed42-r002,artemisia,0,56,cache,tinyllama_1p1b,q4_0,512,64,greedy,0.0,42,2,TECH,
20251125T042517Z-artemisia-v0a56-cache-tinyllama_1p1b-q4_0-c512-n64-g-seed42-r003,2025-11-25T04:25:17Z,logs/runs/20251125T042517Z-artemisia-v0a56-cache-tinyllama_1p1b-q4_0-c512-n64-g-seed42-r003,artemisia,0,56,cache,tinyllama_1p1b,q4_0,512,64,greedy,0.0,42,3,TECH,
20251125T043406Z-artemisia-v0a56-cache-tinyllama_1p1b-q4_0-c512-n64-g-seed42-r001,2025-11-25T04:34:06Z,logs/runs/20251125T043406Z-artemisia-v0a56-cache-tinyllama_1p1b-q4_0-c512-n64-g-seed42-r001,artemisia,0,56,cache,tinyllama_1p1b,q4_0,512,64,greedy,0.0,42,1,math,
20251125T043408Z-artemisia-v0a56-cache-tinyllama_1p1b-q4_0-c512-n64-g-seed42-r002,2025-11-25T04:34:08Z,logs/runs/20251125T043408Z-artemisia-v0a56-cache-tinyllama_1p1b-q4_0-c512-n64-g-seed42-r002,artemisia,0,56,cache,tinyllama_1p1b,q4_0,512,64,greedy,0.0,42,2,math,
20251125T043411Z-artemisia-v0a56-cache-tinyllama_1p1b-q4_0-c512-n64-g-seed42-r003,2025-11-25T04:34:11Z,logs/runs/20251125T043411Z-artemisia-v0a56-cache-tinyllama_1p1b-q4_0-c512-n64-g-seed42-r003,artemisia,0,56,cache,tinyllama_1p1b,q4_0,512,64,greedy,0.0,42,3,math,
20251125T043413Z-artemisia-v0a56-cache-tinyllama_1p1b-q4_0-c512-n64-g-seed42-r001,2025-11-25T04:34:13Z,logs/runs/20251125T043413Z-artemisia-v0a56-cache-tinyllama_1p1b-q4_0-c512-n64-g-seed42-r001,artemisia,0,56,cache,tinyllama_1p1b,q4_0,512,64,greedy,0.0,42,1,nl,
20251125T043416Z-artemisia-v0a56-cache-tinyllama_1p1b-q4_0-c512-n64-g-seed42-r002,2025-11-25T04:34:16Z,logs/runs/20251125T043416Z-artemisia-v0a56-cache-tinyllama_1p1b-q4_0-c512-n64-g-seed42-r002,artemisia,0,56,cache,tinyllama_1p1b,q4_0,512,64,greedy,0.0,42,2,nl,
20251125T043418Z-artemisia-v0a56-cache-tinyllama_1p1b-q4_0-c512-n64-g-seed42-r003,2025-11-25T04:34:18Z,logs/runs/20251125T043418Z-artemisia-v0a56-cache-tinyllama_1p1b-q4_0-c512-n64-g-seed42-r003,artemisia,0,56,cache,tinyllama_1p1b,q4_0,512,64,greedy,0.0,42,3,nl,
20251125T043421Z-artemisia-v0a56-cache-tinyllama_1p1b-q4_0-c512-n64-g-seed42-r001,2025-11-25T04:34:21Z,logs/runs/20251125T043421Z-artemisia-v0a56-cache-tinyllama_1p1b-q4_0-c512-n64-g-seed42-r001,artemisia,0,56,cache,tinyllama_1p1b,q4_0,512,64,greedy,0.0,42,1,code,
20251125T043423Z-artemisia-v0a56-cache-tinyllama_1p1b-q4_0-c512-n64-g-seed42-r002,2025-11-25T04:34:23Z,logs/runs/20251125T043423Z-artemisia-v0a56-cache-tinyllama_1p1b-q4_0-c512-n64-g-seed42-r002,artemisia,0,56,cache,tinyllama_1p1b,q4_0,512,64,greedy,0.0,42,2,code,
20251125T043425Z-artemisia-v0a56-cache-tinyllama_1p1b-q4_0-c512-n64-g-seed42-r003,2025-11-25T04:34:25Z,logs/runs/20251125T043425Z-artemisia-v0a56-cache-tinyllama_1p1b-q4_0-c512-n64-g-seed42-r003,artemisia,0,56,cache,tinyllama_1p1b,q4_0,512,64,greedy,0.0,42,3,code,
20251125T043754Z-artemisia-v0a56-cache-tinyllama_1p1b-q4_0-c512-n64-g-seed42-r001,2025-11-25T04:37:54Z,logs/runs/20251125T043754Z-artemisia-v0a56-cache-tinyllama_1p1b-q4_0-c512-n64-g-seed42-r001,artemisia,0,56,cache,tinyllama_1p1b,q4_0,512,64,greedy,0.0,42,1,math,
20251125T043757Z-artemisia-v0a56-cache-tinyllama_1p1b-q4_0-c512-n64-g-seed42-r002,2025-11-25T04:37:57Z,logs/runs/20251125T043757Z-artemisia-v0a56-cache-tinyllama_1p1b-q4_0-c512-n64-g-seed42-r002,artemisia,0,56,cache,tinyllama_1p1b,q4_0,512,64,greedy,0.0,42,2,math,
20251125T043759Z-artemisia-v0a56-cache-tinyllama_1p1b-q4_0-c512-n64-g-seed42-r003,2025-11-25T04:37:59Z,logs/runs/20251125T043759Z-artemisia-v0a56-cache-tinyllama_1p1b-q4_0-c512-n64-g-seed42-r003,artemisia,0,56,cache,tinyllama_1p1b,q4_0,512,64,greedy,0.0,42,3,math,
20251125T043802Z-artemisia-v0a56-cache-tinyllama_1p1b-q4_0-c512-n64-g-seed42-r001,2025-11-25T04:38:02Z,logs/runs/20251125T043802Z-artemisia-v0a56-cache-tinyllama_1p1b-q4_0-c512-n64-g-seed42-r001,artemisia,0,56,cache,tinyllama_1p1b,q4_0,512,64,greedy,0.0,42,1,nl,
20251125T043804Z-artemisia-v0a56-cache-tinyllama_1p1b-q4_0-c512-n64-g-seed42-r002,2025-11-25T04:38:04Z,logs/runs/20251125T043804Z-artemisia-v0a56-cache-tinyllama_1p1b-q4_0-c512-n64-g-seed42-r002,artemisia,0,56,cache,tinyllama_1p1b,q4_0,512,64,greedy,0.0,42,2,nl,
20251125T043807Z-artemisia-v0a56-cache-tinyllama_1p1b-q4_0-c512-n64-g-seed42-r003,2025-11-25T04:38:07Z,logs/runs/20251125T043807Z-artemisia-v0a56-cache-tinyllama_1p1b-q4_0-c512-n64-g-seed42-r003,artemisia,0,56,cache,tinyllama_1p1b,q4_0,512,64,greedy,0.0,42,3,nl,
20251125T043809Z-artemisia-v0a56-cache-tinyllama_1p1b-q4_0-c512-n64-g-seed42-r001,2025-11-25T04:38:09Z,logs/runs/20251125T043809Z-artemisia-v0a56-cache-tinyllama_1p1b-q4_0-c512-n64-g-seed42-r001,artemisia,0,56,cache,tinyllama_1p1b,q4_0,512,64,greedy,0.0,42,1,code,
20251125T043812Z-artemisia-v0a56-cache-tinyllama_1p1b-q4_0-c512-n64-g-seed42-r002,2025-11-25T04:38:12Z,logs/runs/20251125T043812Z-artemisia-v0a56-cache-tinyllama_1p1b-q4_0-c512-n64-g-seed42-r002,artemisia,0,56,cache,tinyllama_1p1b,q4_0,512,64,greedy,0.0,42,2,code,
20251125T043814Z-artemisia-v0a56-cache-tinyllama_1p1b-q4_0-c512-n64-g-seed42-r003,2025-11-25T04:38:14Z,logs/runs/20251125T043814Z-artemisia-v0a56-cache-tinyllama_1p1b-q4_0-c512-n64-g-seed42-r003,artemisia,0,56,cache,tinyllama_1p1b,q4_0,512,64,greedy,0.0,42,3,code,
20251125T045251Z-artemisia-v0a56-cache-tinyllama_1p1b-q4_0-c512-n128-g-seed42-r001,2025-11-25T04:52:51Z,logs/runs/20251125T045251Z-artemisia-v0a56-cache-tinyllama_1p1b-q4_0-c512-n128-g-seed42-r001,artemisia,0,56,cache,tinyllama_1p1b,q4_0,512,128,greedy,0.0,42,1,math,
20251125T045253Z-artemisia-v0a56-cache-tinyllama_1p1b-q4_0-c512-n128-g-seed42-r002,2025-11-25T04:52:53Z,logs/runs/20251125T045253Z-artemisia-v0a56-cache-tinyllama_1p1b-q4_0-c512-n128-g-seed42-r002,artemisia,0,56,cache,tinyllama_1p1b,q4_0,512,128,greedy,0.0,42,2,math,
20251125T045256Z-artemisia-v0a56-cache-tinyllama_1p1b-q4_0-c512-n128-g-seed42-r003,2025-11-25T04:52:56Z,logs/runs/20251125T045256Z-artemisia-v0a56-cache-tinyllama_1p1b-q4_0-c512-n128-g-seed42-r003,artemisia,0,56,cache,tinyllama_1p1b,q4_0,512,128,greedy,0.0,42,3,math,
20251125T045258Z-artemisia-v0a56-cache-tinyllama_1p1b-q4_0-c512-n128-g-seed42-r001,2025-11-25T04:52:58Z,logs/runs/20251125T045258Z-artemisia-v0a56-cache-tinyllama_1p1b-q4_0-c512-n128-g-seed42-r001,artemisia,0,56,cache,tinyllama_1p1b,q4_0,512,128,greedy,0.0,42,1,nl,
20251125T045301Z-artemisia-v0a56-cache-tinyllama_1p1b-q4_0-c512-n128-g-seed42-r002,2025-11-25T04:53:01Z,logs/runs/20251125T045301Z-artemisia-v0a56-cache-tinyllama_1p1b-q4_0-c512-n128-g-seed42-r002,artemisia,0,56,cache,tinyllama_1p1b,q4_0,512,128,greedy,0.0,42,2,nl,
20251125T045303Z-artemisia-v0a56-cache-tinyllama_1p1b-q4_0-c512-n128-g-seed42-r003,2025-11-25T04:53:03Z,logs/runs/20251125T045303Z-artemisia-v0a56-cache-tinyllama_1p1b-q4_0-c512-n128-g-seed42-r003,artemisia,0,56,cache,tinyllama_1p1b,q4_0,512,128,greedy,0.0,42,3,nl,
20251125T045305Z-artemisia-v0a56-cache-tinyllama_1p1b-q4_0-c512-n128-g-seed42-r001,2025-11-25T04:53:05Z,logs/runs/20251125T045305Z-artemisia-v0a56-cache-tinyllama_1p1b-q4_0-c512-n128-g-seed42-r001,artemisia,0,56,cache,tinyllama_1p1b,q4_0,512,128,greedy,0.0,42,1,code,
20251125T045308Z-artemisia-v0a56-cache-tinyllama_1p1b-q4_0-c512-n128-g-seed42-r002,2025-11-25T04:53:08Z,logs/runs/20251125T045308Z-artemisia-v0a56-cache-tinyllama_1p1b-q4_0-c512-n128-g-seed42-r002,artemisia,0,56,cache,tinyllama_1p1b,q4_0,512,128,greedy,0.0,42,2,code,
20251125T045310Z-artemisia-v0a56-cache-tinyllama_1p1b-q4_0-c512-n128-g-seed42-r003,2025-11-25T04:53:10Z,logs/runs/20251125T045310Z-artemisia-v0a56-cache-tinyllama_1p1b-q4_0-c512-n128-g-seed42-r003,artemisia,0,56,cache,tinyllama_1p1b,q4_0,512,128,greedy,0.0,42,3,code,
20251125T045731Z-artemisia-v0a56-cache-tinyllama_1p1b-q4_0-c512-n128-g-seed42-r001,2025-11-25T04:57:31Z,logs/runs/20251125T045731Z-artemisia-v0a56-cache-tinyllama_1p1b-q4_0-c512-n128-g-seed42-r001,artemisia,0,56,cache,tinyllama_1p1b,q4_0,512,128,greedy,0.0,42,1,math,
20251125T045734Z-artemisia-v0a56-cache-tinyllama_1p1b-q4_0-c512-n128-g-seed42-r002,2025-11-25T04:57:34Z,logs/runs/20251125T045734Z-artemisia-v0a56-cache-tinyllama_1p1b-q4_0-c512-n128-g-seed42-r002,artemisia,0,56,cache,tinyllama_1p1b,q4_0,512,128,greedy,0.0,42,2,math,
20251125T045736Z-artemisia-v0a56-cache-tinyllama_1p1b-q4_0-c512-n128-g-seed42-r003,2025-11-25T04:57:36Z,logs/runs/20251125T045736Z-artemisia-v0a56-cache-tinyllama_1p1b-q4_0-c512-n128-g-seed42-r003,artemisia,0,56,cache,tinyllama_1p1b,q4_0,512,128,greedy,0.0,42,3,math,
20251125T045739Z-artemisia-v0a56-cache-tinyllama_1p1b-q4_0-c512-n128-g-seed42-r001,2025-11-25T04:57:39Z,logs/runs/20251125T045739Z-artemisia-v0a56-cache-tinyllama_1p1b-q4_0-c512-n128-g-seed42-r001,artemisia,0,56,cache,tinyllama_1p1b,q4_0,512,128,greedy,0.0,42,1,nl,
20251125T045741Z-artemisia-v0a56-cache-tinyllama_1p1b-q4_0-c512-n128-g-seed42-r002,2025-11-25T04:57:41Z,logs/runs/20251125T045741Z-artemisia-v0a56-cache-tinyllama_1p1b-q4_0-c512-n128-g-seed42-r002,artemisia,0,56,cache,tinyllama_1p1b,q4_0,512,128,greedy,0.0,42,2,nl,
20251125T045743Z-artemisia-v0a56-cache-tinyllama_1p1b-q4_0-c512-n128-g-seed42-r003,2025-11-25T04:57:43Z,logs/runs/20251125T045743Z-artemisia-v0a56-cache-tinyllama_1p1b-q4_0-c512-n128-g-seed42-r003,artemisia,0,56,cache,tinyllama_1p1b,q4_0,512,128,greedy,0.0,42,3,nl,
20251125T045746Z-artemisia-v0a56-cache-tinyllama_1p1b-q4_0-c512-n128-g-seed42-r001,2025-11-25T04:57:46Z,logs/runs/20251125T045746Z-artemisia-v0a56-cache-tinyllama_1p1b-q4_0-c512-n128-g-seed42-r001,artemisia,0,56,cache,tinyllama_1p1b,q4_0,512,128,greedy,0.0,42,1,code,
20251125T045748Z-artemisia-v0a56-cache-tinyllama_1p1b-q4_0-c512-n128-g-seed42-r002,2025-11-25T04:57:48Z,logs/runs/20251125T045748Z-artemisia-v0a56-cache-tinyllama_1p1b-q4_0-c512-n128-g-seed42-r002,artemisia,0,56,cache,tinyllama_1p1b,q4_0,512,128,greedy,0.0,42,2,code,
20251125T045751Z-artemisia-v0a56-cache-tinyllama_1p1b-q4_0-c512-n128-g-seed42-r003,2025-11-25T04:57:51Z,logs/runs/20251125T045751Z-artemisia-v0a56-cache-tinyllama_1p1b-q4_0-c512-n128-g-seed42-r003,artemisia,0,56,cache,tinyllama_1p1b,q4_0,512,128,greedy,0.0,42,3,code,
20251125T050137Z-artemisia-v0a56-cache-tinyllama_1p1b-q4_0-c512-n128-g-seed42-r001,2025-11-25T05:01:37Z,logs/runs/20251125T050137Z-artemisia-v0a56-cache-tinyllama_1p1b-q4_0-c512-n128-g-seed42-r001,artemisia,0,56,cache,tinyllama_1p1b,q4_0,512,128,greedy,0.0,42,1,math,
20251125T050139Z-artemisia-v0a56-cache-tinyllama_1p1b-q4_0-c512-n128-g-seed42-r002,2025-11-25T05:01:39Z,logs/runs/20251125T050139Z-artemisia-v0a56-cache-tinyllama_1p1b-q4_0-c512-n128-g-seed42-r002,artemisia,0,56,cache,tinyllama_1p1b,q4_0,512,128,greedy,0.0,42,2,math,
20251125T050142Z-artemisia-v0a56-cache-tinyllama_1p1b-q4_0-c512-n128-g-seed42-r003,2025-11-25T05:01:42Z,logs/runs/20251125T050142Z-artemisia-v0a56-cache-tinyllama_1p1b-q4_0-c512-n128-g-seed42-r003,artemisia,0,56,cache,tinyllama_1p1b,q4_0,512,128,greedy,0.0,42,3,math,
20251125T050144Z-artemisia-v0a56-cache-tinyllama_1p1b-q4_0-c512-n128-g-seed42-r001,2025-11-25T05:01:44Z,logs/runs/20251125T050144Z-artemisia-v0a56-cache-tinyllama_1p1b-q4_0-c512-n128-g-seed42-r001,artemisia,0,56,cache,tinyllama_1p1b,q4_0,512,128,greedy,0.0,42,1,nl,
20251125T050146Z-artemisia-v0a56-cache-tinyllama_1p1b-q4_0-c512-n128-g-seed42-r002,2025-11-25T05:01:46Z,logs/runs/20251125T050146Z-artemisia-v0a56-cache-tinyllama_1p1b-q4_0-c512-n128-g-seed42-r002,artemisia,0,56,cache,tinyllama_1p1b,q4_0,512,128,greedy,0.0,42,2,nl,
20251125T050149Z-artemisia-v0a56-cache-tinyllama_1p1b-q4_0-c512-n128-g-seed42-r003,2025-11-25T05:01:49Z,logs/runs/20251125T050149Z-artemisia-v0a56-cache-tinyllama_1p1b-q4_0-c512-n128-g-seed42-r003,artemisia,0,56,cache,tinyllama_1p1b,q4_0,512,128,greedy,0.0,42,3,nl,
20251125T050151Z-artemisia-v0a56-cache-tinyllama_1p1b-q4_0-c512-n128-g-seed42-r001,2025-11-25T05:01:51Z,logs/runs/20251125T050151Z-artemisia-v0a56-cache-tinyllama_1p1b-q4_0-c512-n128-g-seed42-r001,artemisia,0,56,cache,tinyllama_1p1b,q4_0,512,128,greedy,0.0,42,1,code,
20251125T050154Z-artemisia-v0a56-cache-tinyllama_1p1b-q4_0-c512-n128-g-seed42-r002,2025-11-25T05:01:54Z,logs/runs/20251125T050154Z-artemisia-v0a56-cache-tinyllama_1p1b-q4_0-c512-n128-g-seed42-r002,artemisia,0,56,cache,tinyllama_1p1b,q4_0,512,128,greedy,0.0,42,2,code,
20251125T050156Z-artemisia-v0a56-cache-tinyllama_1p1b-q4_0-c512-n128-g-seed42-r003,2025-11-25T05:01:56Z,logs/runs/20251125T050156Z-artemisia-v0a56-cache-tinyllama_1p1b-q4_0-c512-n128-g-seed42-r003,artemisia,0,56,cache,tinyllama_1p1b,q4_0,512,128,greedy,0.0,42,3,code,
20251125T051122Z-artemisia-v0a56-cache-tinyllama_1p1b-q4_0-c512-n128-g-seed42-r001,2025-11-25T05:11:22Z,logs/runs/20251125T051122Z-artemisia-v0a56-cache-tinyllama_1p1b-q4_0-c512-n128-g-seed42-r001,artemisia,0,56,cache,tinyllama_1p1b,q4_0,512,128,greedy,0.0,42,1,math,
20251125T051124Z-artemisia-v0a56-cache-tinyllama_1p1b-q4_0-c512-n128-g-seed42-r002,2025-11-25T05:11:24Z,logs/runs/20251125T051124Z-artemisia-v0a56-cache-tinyllama_1p1b-q4_0-c512-n128-g-seed42-r002,artemisia,0,56,cache,tinyllama_1p1b,q4_0,512,128,greedy,0.0,42,2,math,
20251125T051126Z-artemisia-v0a56-cache-tinyllama_1p1b-q4_0-c512-n128-g-seed42-r003,2025-11-25T05:11:26Z,logs/runs/20251125T051126Z-artemisia-v0a56-cache-tinyllama_1p1b-q4_0-c512-n128-g-seed42-r003,artemisia,0,56,cache,tinyllama_1p1b,q4_0,512,128,greedy,0.0,42,3,math,
20251125T051129Z-artemisia-v0a56-cache-tinyllama_1p1b-q4_0-c512-n128-g-seed42-r001,2025-11-25T05:11:29Z,logs/runs/20251125T051129Z-artemisia-v0a56-cache-tinyllama_1p1b-q4_0-c512-n128-g-seed42-r001,artemisia,0,56,cache,tinyllama_1p1b,q4_0,512,128,greedy,0.0,42,1,nl,
20251125T051131Z-artemisia-v0a56-cache-tinyllama_1p1b-q4_0-c512-n128-g-seed42-r002,2025-11-25T05:11:31Z,logs/runs/20251125T051131Z-artemisia-v0a56-cache-tinyllama_1p1b-q4_0-c512-n128-g-seed42-r002,artemisia,0,56,cache,tinyllama_1p1b,q4_0,512,128,greedy,0.0,42,2,nl,
20251125T051134Z-artemisia-v0a56-cache-tinyllama_1p1b-q4_0-c512-n128-g-seed42-r003,2025-11-25T05:11:34Z,logs/runs/20251125T051134Z-artemisia-v0a56-cache-tinyllama_1p1b-q4_0-c512-n128-g-seed42-r003,artemisia,0,56,cache,tinyllama_1p1b,q4_0,512,128,greedy,0.0,42,3,nl,
20251125T051136Z-artemisia-v0a56-cache-tinyllama_1p1b-q4_0-c512-n128-g-seed42-r001,2025-11-25T05:11:36Z,logs/runs/20251125T051136Z-artemisia-v0a56-cache-tinyllama_1p1b-q4_0-c512-n128-g-seed42-r001,artemisia,0,56,cache,tinyllama_1p1b,q4_0,512,128,greedy,0.0,42,1,code,
20251125T051139Z-artemisia-v0a56-cache-tinyllama_1p1b-q4_0-c512-n128-g-seed42-r002,2025-11-25T05:11:39Z,logs/runs/20251125T051139Z-artemisia-v0a56-cache-tinyllama_1p1b-q4_0-c512-n128-g-seed42-r002,artemisia,0,56,cache,tinyllama_1p1b,q4_0,512,128,greedy,0.0,42,2,code,
20251125T051141Z-artemisia-v0a56-cache-tinyllama_1p1b-q4_0-c512-n128-g-seed42-r003,2025-11-25T05:11:41Z,logs/runs/20251125T051141Z-artemisia-v0a56-cache-tinyllama_1p1b-q4_0-c512-n128-g-seed42-r003,artemisia,0,56,cache,tinyllama_1p1b,q4_0,512,128,greedy,0.0,42,3,code,
20251125T051644Z-artemisia-v0a56-btb-tinyllama_1p1b-q4_0-c512-n128-g-seed42-r001,2025-11-25T05:16:44Z,logs/runs/20251125T051644Z-artemisia-v0a56-btb-tinyllama_1p1b-q4_0-c512-n128-g-seed42-r001,artemisia,0,56,btb,tinyllama_1p1b,q4_0,512,128,greedy,0.0,42,1,math,
20251125T051646Z-artemisia-v0a56-btb-tinyllama_1p1b-q4_0-c512-n128-g-seed42-r002,2025-11-25T05:16:46Z,logs/runs/20251125T051646Z-artemisia-v0a56-btb-tinyllama_1p1b-q4_0-c512-n128-g-seed42-r002,artemisia,0,56,btb,tinyllama_1p1b,q4_0,512,128,greedy,0.0,42,2,math,
20251125T051648Z-artemisia-v0a56-btb-tinyllama_1p1b-q4_0-c512-n128-g-seed42-r003,2025-11-25T05:16:48Z,logs/runs/20251125T051648Z-artemisia-v0a56-btb-tinyllama_1p1b-q4_0-c512-n128-g-seed42-r003,artemisia,0,56,btb,tinyllama_1p1b,q4_0,512,128,greedy,0.0,42,3,math,
20251125T051651Z-artemisia-v0a56-btb-tinyllama_1p1b-q4_0-c512-n128-g-seed42-r001,2025-11-25T05:16:51Z,logs/runs/20251125T051651Z-artemisia-v0a56-btb-tinyllama_1p1b-q4_0-c512-n128-g-seed42-r001,artemisia,0,56,btb,tinyllama_1p1b,q4_0,512,128,greedy,0.0,42,1,nl,
20251125T051653Z-artemisia-v0a56-btb-tinyllama_1p1b-q4_0-c512-n128-g-seed42-r002,2025-11-25T05:16:53Z,logs/runs/20251125T051653Z-artemisia-v0a56-btb-tinyllama_1p1b-q4_0-c512-n128-g-seed42-r002,artemisia,0,56,btb,tinyllama_1p1b,q4_0,512,128,greedy,0.0,42,2,nl,
20251125T051656Z-artemisia-v0a56-btb-tinyllama_1p1b-q4_0-c512-n128-g-seed42-r003,2025-11-25T05:16:56Z,logs/runs/20251125T051656Z-artemisia-v0a56-btb-tinyllama_1p1b-q4_0-c512-n128-g-seed42-r003,artemisia,0,56,btb,tinyllama_1p1b,q4_0,512,128,greedy,0.0,42,3,nl,
20251125T051658Z-artemisia-v0a56-btb-tinyllama_1p1b-q4_0-c512-n128-g-seed42-r001,2025-11-25T05:16:58Z,logs/runs/20251125T051658Z-artemisia-v0a56-btb-tinyllama_1p1b-q4_0-c512-n128-g-seed42-r001,artemisia,0,56,btb,tinyllama_1p1b,q4_0,512,128,greedy,0.0,42,1,code,
20251125T051701Z-artemisia-v0a56-btb-tinyllama_1p1b-q4_0-c512-n128-g-seed42-r002,2025-11-25T05:17:01Z,logs/runs/20251125T051701Z-artemisia-v0a56-btb-tinyllama_1p1b-q4_0-c512-n128-g-seed42-r002,artemisia,0,56,btb,tinyllama_1p1b,q4_0,512,128,greedy,0.0,42,2,code,
20251125T051703Z-artemisia-v0a56-btb-tinyllama_1p1b-q4_0-c512-n128-g-seed42-r003,2025-11-25T05:17:03Z,logs/runs/20251125T051703Z-artemisia-v0a56-btb-tinyllama_1p1b-q4_0-c512-n128-g-seed42-r003,artemisia,0,56,btb,tinyllama_1p1b,q4_0,512,128,greedy,0.0,42,3,code,
20251125T052335Z-artemisia-v0a56-btb-tinyllama_1p1b-q4_0-c512-n128-g-seed42-r001,2025-11-25T05:23:35Z,logs/runs/20251125T052335Z-artemisia-v0a56-btb-tinyllama_1p1b-q4_0-c512-n128-g-seed42-r001,artemisia,0,56,btb,tinyllama_1p1b,q4_0,512,128,greedy,0.0,42,1,math,
20251125T052337Z-artemisia-v0a56-btb-tinyllama_1p1b-q4_0-c512-n128-g-seed42-r002,2025-11-25T05:23:37Z,logs/runs/20251125T052337Z-artemisia-v0a56-btb-tinyllama_1p1b-q4_0-c512-n128-g-seed42-r002,artemisia,0,56,btb,tinyllama_1p1b,q4_0,512,128,greedy,0.0,42,2,math,
20251125T052339Z-artemisia-v0a56-btb-tinyllama_1p1b-q4_0-c512-n128-g-seed42-r003,2025-11-25T05:23:39Z,logs/runs/20251125T052339Z-artemisia-v0a56-btb-tinyllama_1p1b-q4_0-c512-n128-g-seed42-r003,artemisia,0,56,btb,tinyllama_1p1b,q4_0,512,128,greedy,0.0,42,3,math,
20251125T052341Z-artemisia-v0a56-btb-tinyllama_1p1b-q4_0-c512-n128-g-seed42-r001,2025-11-25T05:23:41Z,logs/runs/20251125T052341Z-artemisia-v0a56-btb-tinyllama_1p1b-q4_0-c512-n128-g-seed42-r001,artemisia,0,56,btb,tinyllama_1p1b,q4_0,512,128,greedy,0.0,42,1,nl,
20251125T052344Z-artemisia-v0a56-btb-tinyllama_1p1b-q4_0-c512-n128-g-seed42-r002,2025-11-25T05:23:44Z,logs/runs/20251125T052344Z-artemisia-v0a56-btb-tinyllama_1p1b-q4_0-c512-n128-g-seed42-r002,artemisia,0,56,btb,tinyllama_1p1b,q4_0,512,128,greedy,0.0,42,2,nl,
20251125T052346Z-artemisia-v0a56-btb-tinyllama_1p1b-q4_0-c512-n128-g-seed42-r003,2025-11-25T05:23:46Z,logs/runs/20251125T052346Z-artemisia-v0a56-btb-tinyllama_1p1b-q4_0-c512-n128-g-seed42-r003,artemisia,0,56,btb,tinyllama_1p1b,q4_0,512,128,greedy,0.0,42,3,nl,
20251125T052348Z-artemisia-v0a56-btb-tinyllama_1p1b-q4_0-c512-n128-g-seed42-r001,2025-11-25T05:23:48Z,logs/runs/20251125T052348Z-artemisia-v0a56-btb-tinyllama_1p1b-q4_0-c512-n128-g-seed42-r001,artemisia,0,56,btb,tinyllama_1p1b,q4_0,512,128,greedy,0.0,42,1,code,
20251125T052350Z-artemisia-v0a56-btb-tinyllama_1p1b-q4_0-c512-n128-g-seed42-r002,2025-11-25T05:23:50Z,logs/runs/20251125T052350Z-artemisia-v0a56-btb-tinyllama_1p1b-q4_0-c512-n128-g-seed42-r002,artemisia,0,56,btb,tinyllama_1p1b,q4_0,512,128,greedy,0.0,42,2,code,
20251125T052353Z-artemisia-v0a56-btb-tinyllama_1p1b-q4_0-c512-n128-g-seed42-r003,2025-11-25T05:23:53Z,logs/runs/20251125T052353Z-artemisia-v0a56-btb-tinyllama_1p1b-q4_0-c512-n128-g-seed42-r003,artemisia,0,56,btb,tinyllama_1p1b,q4_0,512,128,greedy,0.0,42,3,code,
20251125T052436Z-artemisia-v0a56-btb-tinyllama_1p1b-q4_0-c512-n128-g-seed42-r001,2025-11-25T05:24:36Z,logs/runs/20251125T052436Z-artemisia-v0a56-btb-tinyllama_1p1b-q4_0-c512-n128-g-seed42-r001,artemisia,0,56,btb,tinyllama_1p1b,q4_0,512,128,greedy,0.0,42,1,math,
20251125T052438Z-artemisia-v0a56-btb-tinyllama_1p1b-q4_0-c512-n128-g-seed42-r002,2025-11-25T05:24:38Z,logs/runs/20251125T052438Z-artemisia-v0a56-btb-tinyllama_1p1b-q4_0-c512-n128-g-seed42-r002,artemisia,0,56,btb,tinyllama_1p1b,q4_0,512,128,greedy,0.0,42,2,math,
20251125T052441Z-artemisia-v0a56-btb-tinyllama_1p1b-q4_0-c512-n128-g-seed42-r003,2025-11-25T05:24:41Z,logs/runs/20251125T052441Z-artemisia-v0a56-btb-tinyllama_1p1b-q4_0-c512-n128-g-seed42-r003,artemisia,0,56,btb,tinyllama_1p1b,q4_0,512,128,greedy,0.0,42,3,math,
20251125T052443Z-artemisia-v0a56-btb-tinyllama_1p1b-q4_0-c512-n128-g-seed42-r001,2025-11-25T05:24:43Z,logs/runs/20251125T052443Z-artemisia-v0a56-btb-tinyllama_1p1b-q4_0-c512-n128-g-seed42-r001,artemisia,0,56,btb,tinyllama_1p1b,q4_0,512,128,greedy,0.0,42,1,nl,
20251125T052445Z-artemisia-v0a56-btb-tinyllama_1p1b-q4_0-c512-n128-g-seed42-r002,2025-11-25T05:24:45Z,logs/runs/20251125T052445Z-artemisia-v0a56-btb-tinyllama_1p1b-q4_0-c512-n128-g-seed42-r002,artemisia,0,56,btb,tinyllama_1p1b,q4_0,512,128,greedy,0.0,42,2,nl,
20251125T052448Z-artemisia-v0a56-btb-tinyllama_1p1b-q4_0-c512-n128-g-seed42-r003,2025-11-25T05:24:48Z,logs/runs/20251125T052448Z-artemisia-v0a56-btb-tinyllama_1p1b-q4_0-c512-n128-g-seed42-r003,artemisia,0,56,btb,tinyllama_1p1b,q4_0,512,128,greedy,0.0,42,3,nl,
20251125T052450Z-artemisia-v0a56-btb-tinyllama_1p1b-q4_0-c512-n128-g-seed42-r001,2025-11-25T05:24:50Z,logs/runs/20251125T052450Z-artemisia-v0a56-btb-tinyllama_1p1b-q4_0-c512-n128-g-seed42-r001,artemisia,0,56,btb,tinyllama_1p1b,q4_0,512,128,greedy,0.0,42,1,code,
20251125T052452Z-artemisia-v0a56-btb-tinyllama_1p1b-q4_0-c512-n128-g-seed42-r002,2025-11-25T05:24:52Z,logs/runs/20251125T052452Z-artemisia-v0a56-btb-tinyllama_1p1b-q4_0-c512-n128-g-seed42-r002,artemisia,0,56,btb,tinyllama_1p1b,q4_0,512,128,greedy,0.0,42,2,code,
20251125T052455Z-artemisia-v0a56-btb-tinyllama_1p1b-q4_0-c512-n128-g-seed42-r003,2025-11-25T05:24:55Z,logs/runs/20251125T052455Z-artemisia-v0a56-btb-tinyllama_1p1b-q4_0-c512-n128-g-seed42-r003,artemisia,0,56,btb,tinyllama_1p1b,q4_0,512,128,greedy,0.0,42,3,code,
20251125T052525Z-artemisia-v0a56-pht-tinyllama_1p1b-q4_0-c512-n128-g-seed42-r001,2025-11-25T05:25:25Z,logs/runs/20251125T052525Z-artemisia-v0a56-pht-tinyllama_1p1b-q4_0-c512-n128-g-seed42-r001,artemisia,0,56,pht,tinyllama_1p1b,q4_0,512,128,greedy,0.0,42,1,math,
20251125T052527Z-artemisia-v0a56-pht-tinyllama_1p1b-q4_0-c512-n128-g-seed42-r002,2025-11-25T05:25:27Z,logs/runs/20251125T052527Z-artemisia-v0a56-pht-tinyllama_1p1b-q4_0-c512-n128-g-seed42-r002,artemisia,0,56,pht,tinyllama_1p1b,q4_0,512,128,greedy,0.0,42,2,math,
20251125T052529Z-artemisia-v0a56-pht-tinyllama_1p1b-q4_0-c512-n128-g-seed42-r003,2025-11-25T05:25:29Z,logs/runs/20251125T052529Z-artemisia-v0a56-pht-tinyllama_1p1b-q4_0-c512-n128-g-seed42-r003,artemisia,0,56,pht,tinyllama_1p1b,q4_0,512,128,greedy,0.0,42,3,math,
20251125T052532Z-artemisia-v0a56-pht-tinyllama_1p1b-q4_0-c512-n128-g-seed42-r001,2025-11-25T05:25:32Z,logs/runs/20251125T052532Z-artemisia-v0a56-pht-tinyllama_1p1b-q4_0-c512-n128-g-seed42-r001,artemisia,0,56,pht,tinyllama_1p1b,q4_0,512,128,greedy,0.0,42,1,nl,
20251125T052534Z-artemisia-v0a56-pht-tinyllama_1p1b-q4_0-c512-n128-g-seed42-r002,2025-11-25T05:25:34Z,logs/runs/20251125T052534Z-artemisia-v0a56-pht-tinyllama_1p1b-q4_0-c512-n128-g-seed42-r002,artemisia,0,56,pht,tinyllama_1p1b,q4_0,512,128,greedy,0.0,42,2,nl,
20251125T052537Z-artemisia-v0a56-pht-tinyllama_1p1b-q4_0-c512-n128-g-seed42-r003,2025-11-25T05:25:37Z,logs/runs/20251125T052537Z-artemisia-v0a56-pht-tinyllama_1p1b-q4_0-c512-n128-g-seed42-r003,artemisia,0,56,pht,tinyllama_1p1b,q4_0,512,128,greedy,0.0,42,3,nl,
20251125T052539Z-artemisia-v0a56-pht-tinyllama_1p1b-q4_0-c512-n128-g-seed42-r001,2025-11-25T05:25:39Z,logs/runs/20251125T052539Z-artemisia-v0a56-pht-tinyllama_1p1b-q4_0-c512-n128-g-seed42-r001,artemisia,0,56,pht,tinyllama_1p1b,q4_0,512,128,greedy,0.0,42,1,code,
20251125T052541Z-artemisia-v0a56-pht-tinyllama_1p1b-q4_0-c512-n128-g-seed42-r002,2025-11-25T05:25:41Z,logs/runs/20251125T052541Z-artemisia-v0a56-pht-tinyllama_1p1b-q4_0-c512-n128-g-seed42-r002,artemisia,0,56,pht,tinyllama_1p1b,q4_0,512,128,greedy,0.0,42,2,code,
20251125T052544Z-artemisia-v0a56-pht-tinyllama_1p1b-q4_0-c512-n128-g-seed42-r003,2025-11-25T05:25:44Z,logs/runs/20251125T052544Z-artemisia-v0a56-pht-tinyllama_1p1b-q4_0-c512-n128-g-seed42-r003,artemisia,0,56,pht,tinyllama_1p1b,q4_0,512,128,greedy,0.0,42,3,code,
20251125T052747Z-artemisia-v0a56-pht-tinyllama_1p1b-q4_0-c512-n128-g-seed42-r001,2025-11-25T05:27:47Z,logs/runs/20251125T052747Z-artemisia-v0a56-pht-tinyllama_1p1b-q4_0-c512-n128-g-seed42-r001,artemisia,0,56,pht,tinyllama_1p1b,q4_0,512,128,greedy,0.0,42,1,math,
20251125T052749Z-artemisia-v0a56-pht-tinyllama_1p1b-q4_0-c512-n128-g-seed42-r002,2025-11-25T05:27:49Z,logs/runs/20251125T052749Z-artemisia-v0a56-pht-tinyllama_1p1b-q4_0-c512-n128-g-seed42-r002,artemisia,0,56,pht,tinyllama_1p1b,q4_0,512,128,greedy,0.0,42,2,math,
20251125T052751Z-artemisia-v0a56-pht-tinyllama_1p1b-q4_0-c512-n128-g-seed42-r003,2025-11-25T05:27:51Z,logs/runs/20251125T052751Z-artemisia-v0a56-pht-tinyllama_1p1b-q4_0-c512-n128-g-seed42-r003,artemisia,0,56,pht,tinyllama_1p1b,q4_0,512,128,greedy,0.0,42,3,math,
20251125T052754Z-artemisia-v0a56-pht-tinyllama_1p1b-q4_0-c512-n128-g-seed42-r001,2025-11-25T05:27:54Z,logs/runs/20251125T052754Z-artemisia-v0a56-pht-tinyllama_1p1b-q4_0-c512-n128-g-seed42-r001,artemisia,0,56,pht,tinyllama_1p1b,q4_0,512,128,greedy,0.0,42,1,nl,
20251125T052756Z-artemisia-v0a56-pht-tinyllama_1p1b-q4_0-c512-n128-g-seed42-r002,2025-11-25T05:27:56Z,logs/runs/20251125T052756Z-artemisia-v0a56-pht-tinyllama_1p1b-q4_0-c512-n128-g-seed42-r002,artemisia,0,56,pht,tinyllama_1p1b,q4_0,512,128,greedy,0.0,42,2,nl,
20251125T052759Z-artemisia-v0a56-pht-tinyllama_1p1b-q4_0-c512-n128-g-seed42-r003,2025-11-25T05:27:59Z,logs/runs/20251125T052759Z-artemisia-v0a56-pht-tinyllama_1p1b-q4_0-c512-n128-g-seed42-r003,artemisia,0,56,pht,tinyllama_1p1b,q4_0,512,128,greedy,0.0,42,3,nl,
20251125T052801Z-artemisia-v0a56-pht-tinyllama_1p1b-q4_0-c512-n128-g-seed42-r001,2025-11-25T05:28:01Z,logs/runs/20251125T052801Z-artemisia-v0a56-pht-tinyllama_1p1b-q4_0-c512-n128-g-seed42-r001,artemisia,0,56,pht,tinyllama_1p1b,q4_0,512,128,greedy,0.0,42,1,code,
20251125T052803Z-artemisia-v0a56-pht-tinyllama_1p1b-q4_0-c512-n128-g-seed42-r002,2025-11-25T05:28:03Z,logs/runs/20251125T052803Z-artemisia-v0a56-pht-tinyllama_1p1b-q4_0-c512-n128-g-seed42-r002,artemisia,0,56,pht,tinyllama_1p1b,q4_0,512,128,greedy,0.0,42,2,code,
20251125T052806Z-artemisia-v0a56-pht-tinyllama_1p1b-q4_0-c512-n128-g-seed42-r003,2025-11-25T05:28:06Z,logs/runs/20251125T052806Z-artemisia-v0a56-pht-tinyllama_1p1b-q4_0-c512-n128-g-seed42-r003,artemisia,0,56,pht,tinyllama_1p1b,q4_0,512,128,greedy,0.0,42,3,code,
20251125T052827Z-artemisia-v0a56-pht-tinyllama_1p1b-q4_0-c512-n128-g-seed42-r001,2025-11-25T05:28:27Z,logs/runs/20251125T052827Z-artemisia-v0a56-pht-tinyllama_1p1b-q4_0-c512-n128-g-seed42-r001,artemisia,0,56,pht,tinyllama_1p1b,q4_0,512,128,greedy,0.0,42,1,math,
20251125T052830Z-artemisia-v0a56-pht-tinyllama_1p1b-q4_0-c512-n128-g-seed42-r002,2025-11-25T05:28:30Z,logs/runs/20251125T052830Z-artemisia-v0a56-pht-tinyllama_1p1b-q4_0-c512-n128-g-seed42-r002,artemisia,0,56,pht,tinyllama_1p1b,q4_0,512,128,greedy,0.0,42,2,math,
20251125T052832Z-artemisia-v0a56-pht-tinyllama_1p1b-q4_0-c512-n128-g-seed42-r003,2025-11-25T05:28:32Z,logs/runs/20251125T052832Z-artemisia-v0a56-pht-tinyllama_1p1b-q4_0-c512-n128-g-seed42-r003,artemisia,0,56,pht,tinyllama_1p1b,q4_0,512,128,greedy,0.0,42,3,math,
20251125T052834Z-artemisia-v0a56-pht-tinyllama_1p1b-q4_0-c512-n128-g-seed42-r001,2025-11-25T05:28:34Z,logs/runs/20251125T052834Z-artemisia-v0a56-pht-tinyllama_1p1b-q4_0-c512-n128-g-seed42-r001,artemisia,0,56,pht,tinyllama_1p1b,q4_0,512,128,greedy,0.0,42,1,nl,
20251125T052837Z-artemisia-v0a56-pht-tinyllama_1p1b-q4_0-c512-n128-g-seed42-r002,2025-11-25T05:28:37Z,logs/runs/20251125T052837Z-artemisia-v0a56-pht-tinyllama_1p1b-q4_0-c512-n128-g-seed42-r002,artemisia,0,56,pht,tinyllama_1p1b,q4_0,512,128,greedy,0.0,42,2,nl,
20251125T052839Z-artemisia-v0a56-pht-tinyllama_1p1b-q4_0-c512-n128-g-seed42-r003,2025-11-25T05:28:39Z,logs/runs/20251125T052839Z-artemisia-v0a56-pht-tinyllama_1p1b-q4_0-c512-n128-g-seed42-r003,artemisia,0,56,pht,tinyllama_1p1b,q4_0,512,128,greedy,0.0,42,3,nl,
20251125T052841Z-artemisia-v0a56-pht-tinyllama_1p1b-q4_0-c512-n128-g-seed42-r001,2025-11-25T05:28:41Z,logs/runs/20251125T052841Z-artemisia-v0a56-pht-tinyllama_1p1b-q4_0-c512-n128-g-seed42-r001,artemisia,0,56,pht,tinyllama_1p1b,q4_0,512,128,greedy,0.0,42,1,code,
20251125T052844Z-artemisia-v0a56-pht-tinyllama_1p1b-q4_0-c512-n128-g-seed42-r002,2025-11-25T05:28:44Z,logs/runs/20251125T052844Z-artemisia-v0a56-pht-tinyllama_1p1b-q4_0-c512-n128-g-seed42-r002,artemisia,0,56,pht,tinyllama_1p1b,q4_0,512,128,greedy,0.0,42,2,code,
20251125T052846Z-artemisia-v0a56-pht-tinyllama_1p1b-q4_0-c512-n128-g-seed42-r003,2025-11-25T05:28:46Z,logs/runs/20251125T052846Z-artemisia-v0a56-pht-tinyllama_1p1b-q4_0-c512-n128-g-seed42-r003,artemisia,0,56,pht,tinyllama_1p1b,q4_0,512,128,greedy,0.0,42,3,code,
20251125T052932Z-artemisia-v0a56-pht-tinyllama_1p1b-q4_0-c512-n128-g-seed42-r001,2025-11-25T05:29:32Z,logs/runs/20251125T052932Z-artemisia-v0a56-pht-tinyllama_1p1b-q4_0-c512-n128-g-seed42-r001,artemisia,0,56,pht,tinyllama_1p1b,q4_0,512,128,greedy,0.0,42,1,math,
20251125T052934Z-artemisia-v0a56-pht-tinyllama_1p1b-q4_0-c512-n128-g-seed42-r002,2025-11-25T05:29:34Z,logs/runs/20251125T052934Z-artemisia-v0a56-pht-tinyllama_1p1b-q4_0-c512-n128-g-seed42-r002,artemisia,0,56,pht,tinyllama_1p1b,q4_0,512,128,greedy,0.0,42,2,math,
20251125T052937Z-artemisia-v0a56-pht-tinyllama_1p1b-q4_0-c512-n128-g-seed42-r003,2025-11-25T05:29:37Z,logs/runs/20251125T052937Z-artemisia-v0a56-pht-tinyllama_1p1b-q4_0-c512-n128-g-seed42-r003,artemisia,0,56,pht,tinyllama_1p1b,q4_0,512,128,greedy,0.0,42,3,math,
20251125T052939Z-artemisia-v0a56-pht-tinyllama_1p1b-q4_0-c512-n128-g-seed42-r001,2025-11-25T05:29:39Z,logs/runs/20251125T052939Z-artemisia-v0a56-pht-tinyllama_1p1b-q4_0-c512-n128-g-seed42-r001,artemisia,0,56,pht,tinyllama_1p1b,q4_0,512,128,greedy,0.0,42,1,nl,
20251125T052941Z-artemisia-v0a56-pht-tinyllama_1p1b-q4_0-c512-n128-g-seed42-r002,2025-11-25T05:29:41Z,logs/runs/20251125T052941Z-artemisia-v0a56-pht-tinyllama_1p1b-q4_0-c512-n128-g-seed42-r002,artemisia,0,56,pht,tinyllama_1p1b,q4_0,512,128,greedy,0.0,42,2,nl,
20251125T052943Z-artemisia-v0a56-pht-tinyllama_1p1b-q4_0-c512-n128-g-seed42-r003,2025-11-25T05:29:43Z,logs/runs/20251125T052943Z-artemisia-v0a56-pht-tinyllama_1p1b-q4_0-c512-n128-g-seed42-r003,artemisia,0,56,pht,tinyllama_1p1b,q4_0,512,128,greedy,0.0,42,3,nl,
20251125T052946Z-artemisia-v0a56-pht-tinyllama_1p1b-q4_0-c512-n128-g-seed42-r001,2025-11-25T05:29:46Z,logs/runs/20251125T052946Z-artemisia-v0a56-pht-tinyllama_1p1b-q4_0-c512-n128-g-seed42-r001,artemisia,0,56,pht,tinyllama_1p1b,q4_0,512,128,greedy,0.0,42,1,code,
20251125T052948Z-artemisia-v0a56-pht-tinyllama_1p1b-q4_0-c512-n128-g-seed42-r002,2025-11-25T05:29:48Z,logs/runs/20251125T052948Z-artemisia-v0a56-pht-tinyllama_1p1b-q4_0-c512-n128-g-seed42-r002,artemisia,0,56,pht,tinyllama_1p1b,q4_0,512,128,greedy,0.0,42,2,code,
20251125T052950Z-artemisia-v0a56-pht-tinyllama_1p1b-q4_0-c512-n128-g-seed42-r003,2025-11-25T05:29:50Z,logs/runs/20251125T052950Z-artemisia-v0a56-pht-tinyllama_1p1b-q4_0-c512-n128-g-seed42-r003,artemisia,0,56,pht,tinyllama_1p1b,q4_0,512,128,greedy,0.0,42,3,code,
20251125T053039Z-artemisia-v0a56-pht-tinyllama_1p1b-q4_0-c512-n128-g-seed42-r001,2025-11-25T05:30:39Z,logs/runs/20251125T053039Z-artemisia-v0a56-pht-tinyllama_1p1b-q4_0-c512-n128-g-seed42-r001,artemisia,0,56,pht,tinyllama_1p1b,q4_0,512,128,greedy,0.0,42,1,math,
20251125T053042Z-artemisia-v0a56-pht-tinyllama_1p1b-q4_0-c512-n128-g-seed42-r002,2025-11-25T05:30:42Z,logs/runs/20251125T053042Z-artemisia-v0a56-pht-tinyllama_1p1b-q4_0-c512-n128-g-seed42-r002,artemisia,0,56,pht,tinyllama_1p1b,q4_0,512,128,greedy,0.0,42,2,math,
20251125T053044Z-artemisia-v0a56-pht-tinyllama_1p1b-q4_0-c512-n128-g-seed42-r003,2025-11-25T05:30:44Z,logs/runs/20251125T053044Z-artemisia-v0a56-pht-tinyllama_1p1b-q4_0-c512-n128-g-seed42-r003,artemisia,0,56,pht,tinyllama_1p1b,q4_0,512,128,greedy,0.0,42,3,math,
20251125T053046Z-artemisia-v0a56-pht-tinyllama_1p1b-q4_0-c512-n128-g-seed42-r001,2025-11-25T05:30:46Z,logs/runs/20251125T053046Z-artemisia-v0a56-pht-tinyllama_1p1b-q4_0-c512-n128-g-seed42-r001,artemisia,0,56,pht,tinyllama_1p1b,q4_0,512,128,greedy,0.0,42,1,nl,
20251125T053049Z-artemisia-v0a56-pht-tinyllama_1p1b-q4_0-c512-n128-g-seed42-r002,2025-11-25T05:30:49Z,logs/runs/20251125T053049Z-artemisia-v0a56-pht-tinyllama_1p1b-q4_0-c512-n128-g-seed42-r002,artemisia,0,56,pht,tinyllama_1p1b,q4_0,512,128,greedy,0.0,42,2,nl,
20251125T053051Z-artemisia-v0a56-pht-tinyllama_1p1b-q4_0-c512-n128-g-seed42-r003,2025-11-25T05:30:51Z,logs/runs/20251125T053051Z-artemisia-v0a56-pht-tinyllama_1p1b-q4_0-c512-n128-g-seed42-r003,artemisia,0,56,pht,tinyllama_1p1b,q4_0,512,128,greedy,0.0,42,3,nl,
20251125T053053Z-artemisia-v0a56-pht-tinyllama_1p1b-q4_0-c512-n128-g-seed42-r001,2025-11-25T05:30:53Z,logs/runs/20251125T053053Z-artemisia-v0a56-pht-tinyllama_1p1b-q4_0-c512-n128-g-seed42-r001,artemisia,0,56,pht,tinyllama_1p1b,q4_0,512,128,greedy,0.0,42,1,code,
20251125T053056Z-artemisia-v0a56-pht-tinyllama_1p1b-q4_0-c512-n128-g-seed42-r002,2025-11-25T05:30:56Z,logs/runs/20251125T053056Z-artemisia-v0a56-pht-tinyllama_1p1b-q4_0-c512-n128-g-seed42-r002,artemisia,0,56,pht,tinyllama_1p1b,q4_0,512,128,greedy,0.0,42,2,code,
20251125T053058Z-artemisia-v0a56-pht-tinyllama_1p1b-q4_0-c512-n128-g-seed42-r003,2025-11-25T05:30:58Z,logs/runs/20251125T053058Z-artemisia-v0a56-pht-tinyllama_1p1b-q4_0-c512-n128-g-seed42-r003,artemisia,0,56,pht,tinyllama_1p1b,q4_0,512,128,greedy,0.0,42,3,code,
20251125T053154Z-artemisia-v0a56-pht-tinyllama_1p1b-q4_0-c512-n128-g-seed42-r001,2025-11-25T05:31:54Z,logs/runs/20251125T053154Z-artemisia-v0a56-pht-tinyllama_1p1b-q4_0-c512-n128-g-seed42-r001,artemisia,0,56,pht,tinyllama_1p1b,q4_0,512,128,greedy,0.0,42,1,math,
20251125T053156Z-artemisia-v0a56-pht-tinyllama_1p1b-q4_0-c512-n128-g-seed42-r002,2025-11-25T05:31:56Z,logs/runs/20251125T053156Z-artemisia-v0a56-pht-tinyllama_1p1b-q4_0-c512-n128-g-seed42-r002,artemisia,0,56,pht,tinyllama_1p1b,q4_0,512,128,greedy,0.0,42,2,math,
20251125T053159Z-artemisia-v0a56-pht-tinyllama_1p1b-q4_0-c512-n128-g-seed42-r003,2025-11-25T05:31:59Z,logs/runs/20251125T053159Z-artemisia-v0a56-pht-tinyllama_1p1b-q4_0-c512-n128-g-seed42-r003,artemisia,0,56,pht,tinyllama_1p1b,q4_0,512,128,greedy,0.0,42,3,math,
20251125T053201Z-artemisia-v0a56-pht-tinyllama_1p1b-q4_0-c512-n128-g-seed42-r001,2025-11-25T05:32:01Z,logs/runs/20251125T053201Z-artemisia-v0a56-pht-tinyllama_1p1b-q4_0-c512-n128-g-seed42-r001,artemisia,0,56,pht,tinyllama_1p1b,q4_0,512,128,greedy,0.0,42,1,nl,
20251125T053203Z-artemisia-v0a56-pht-tinyllama_1p1b-q4_0-c512-n128-g-seed42-r002,2025-11-25T05:32:03Z,logs/runs/20251125T053203Z-artemisia-v0a56-pht-tinyllama_1p1b-q4_0-c512-n128-g-seed42-r002,artemisia,0,56,pht,tinyllama_1p1b,q4_0,512,128,greedy,0.0,42,2,nl,
20251125T053206Z-artemisia-v0a56-pht-tinyllama_1p1b-q4_0-c512-n128-g-seed42-r003,2025-11-25T05:32:06Z,logs/runs/20251125T053206Z-artemisia-v0a56-pht-tinyllama_1p1b-q4_0-c512-n128-g-seed42-r003,artemisia,0,56,pht,tinyllama_1p1b,q4_0,512,128,greedy,0.0,42,3,nl,
20251125T053208Z-artemisia-v0a56-pht-tinyllama_1p1b-q4_0-c512-n128-g-seed42-r001,2025-11-25T05:32:08Z,logs/runs/20251125T053208Z-artemisia-v0a56-pht-tinyllama_1p1b-q4_0-c512-n128-g-seed42-r001,artemisia,0,56,pht,tinyllama_1p1b,q4_0,512,128,greedy,0.0,42,1,code,
20251125T053211Z-artemisia-v0a56-pht-tinyllama_1p1b-q4_0-c512-n128-g-seed42-r002,2025-11-25T05:32:11Z,logs/runs/20251125T053211Z-artemisia-v0a56-pht-tinyllama_1p1b-q4_0-c512-n128-g-seed42-r002,artemisia,0,56,pht,tinyllama_1p1b,q4_0,512,128,greedy,0.0,42,2,code,
20251125T053213Z-artemisia-v0a56-pht-tinyllama_1p1b-q4_0-c512-n128-g-seed42-r003,2025-11-25T05:32:13Z,logs/runs/20251125T053213Z-artemisia-v0a56-pht-tinyllama_1p1b-q4_0-c512-n128-g-seed42-r003,artemisia,0,56,pht,tinyllama_1p1b,q4_0,512,128,greedy,0.0,42,3,code,
20251125T053301Z-artemisia-v0a56-tlb-tinyllama_1p1b-q4_0-c512-n128-g-seed42-r001,2025-11-25T05:33:01Z,logs/runs/20251125T053301Z-artemisia-v0a56-tlb-tinyllama_1p1b-q4_0-c512-n128-g-seed42-r001,artemisia,0,56,tlb,tinyllama_1p1b,q4_0,512,128,greedy,0.0,42,1,math,
20251125T053303Z-artemisia-v0a56-tlb-tinyllama_1p1b-q4_0-c512-n128-g-seed42-r002,2025-11-25T05:33:03Z,logs/runs/20251125T053303Z-artemisia-v0a56-tlb-tinyllama_1p1b-q4_0-c512-n128-g-seed42-r002,artemisia,0,56,tlb,tinyllama_1p1b,q4_0,512,128,greedy,0.0,42,2,math,
20251125T053305Z-artemisia-v0a56-tlb-tinyllama_1p1b-q4_0-c512-n128-g-seed42-r003,2025-11-25T05:33:05Z,logs/runs/20251125T053305Z-artemisia-v0a56-tlb-tinyllama_1p1b-q4_0-c512-n128-g-seed42-r003,artemisia,0,56,tlb,tinyllama_1p1b,q4_0,512,128,greedy,0.0,42,3,math,
20251125T053308Z-artemisia-v0a56-tlb-tinyllama_1p1b-q4_0-c512-n128-g-seed42-r001,2025-11-25T05:33:08Z,logs/runs/20251125T053308Z-artemisia-v0a56-tlb-tinyllama_1p1b-q4_0-c512-n128-g-seed42-r001,artemisia,0,56,tlb,tinyllama_1p1b,q4_0,512,128,greedy,0.0,42,1,nl,
20251125T053310Z-artemisia-v0a56-tlb-tinyllama_1p1b-q4_0-c512-n128-g-seed42-r002,2025-11-25T05:33:10Z,logs/runs/20251125T053310Z-artemisia-v0a56-tlb-tinyllama_1p1b-q4_0-c512-n128-g-seed42-r002,artemisia,0,56,tlb,tinyllama_1p1b,q4_0,512,128,greedy,0.0,42,2,nl,
20251125T053312Z-artemisia-v0a56-tlb-tinyllama_1p1b-q4_0-c512-n128-g-seed42-r003,2025-11-25T05:33:12Z,logs/runs/20251125T053312Z-artemisia-v0a56-tlb-tinyllama_1p1b-q4_0-c512-n128-g-seed42-r003,artemisia,0,56,tlb,tinyllama_1p1b,q4_0,512,128,greedy,0.0,42,3,nl,
20251125T053315Z-artemisia-v0a56-tlb-tinyllama_1p1b-q4_0-c512-n128-g-seed42-r001,2025-11-25T05:33:15Z,logs/runs/20251125T053315Z-artemisia-v0a56-tlb-tinyllama_1p1b-q4_0-c512-n128-g-seed42-r001,artemisia,0,56,tlb,tinyllama_1p1b,q4_0,512,128,greedy,0.0,42,1,code,
20251125T053317Z-artemisia-v0a56-tlb-tinyllama_1p1b-q4_0-c512-n128-g-seed42-r002,2025-11-25T05:33:17Z,logs/runs/20251125T053317Z-artemisia-v0a56-tlb-tinyllama_1p1b-q4_0-c512-n128-g-seed42-r002,artemisia,0,56,tlb,tinyllama_1p1b,q4_0,512,128,greedy,0.0,42,2,code,
20251125T053319Z-artemisia-v0a56-tlb-tinyllama_1p1b-q4_0-c512-n128-g-seed42-r003,2025-11-25T05:33:19Z,logs/runs/20251125T053319Z-artemisia-v0a56-tlb-tinyllama_1p1b-q4_0-c512-n128-g-seed42-r003,artemisia,0,56,tlb,tinyllama_1p1b,q4_0,512,128,greedy,0.0,42,3,code,
20251125T053452Z-artemisia-v0a56-btb-tinyllama_1p1b-q4_0-c512-n128-g-seed42-r001,2025-11-25T05:34:52Z,logs/runs/20251125T053452Z-artemisia-v0a56-btb-tinyllama_1p1b-q4_0-c512-n128-g-seed42-r001,artemisia,0,56,btb,tinyllama_1p1b,q4_0,512,128,greedy,0.0,42,1,math,
20251125T053454Z-artemisia-v0a56-btb-tinyllama_1p1b-q4_0-c512-n128-g-seed42-r002,2025-11-25T05:34:54Z,logs/runs/20251125T053454Z-artemisia-v0a56-btb-tinyllama_1p1b-q4_0-c512-n128-g-seed42-r002,artemisia,0,56,btb,tinyllama_1p1b,q4_0,512,128,greedy,0.0,42,2,math,
20251125T053457Z-artemisia-v0a56-btb-tinyllama_1p1b-q4_0-c512-n128-g-seed42-r003,2025-11-25T05:34:57Z,logs/runs/20251125T053457Z-artemisia-v0a56-btb-tinyllama_1p1b-q4_0-c512-n128-g-seed42-r003,artemisia,0,56,btb,tinyllama_1p1b,q4_0,512,128,greedy,0.0,42,3,math,
20251125T053459Z-artemisia-v0a56-btb-tinyllama_1p1b-q4_0-c512-n128-g-seed42-r001,2025-11-25T05:34:59Z,logs/runs/20251125T053459Z-artemisia-v0a56-btb-tinyllama_1p1b-q4_0-c512-n128-g-seed42-r001,artemisia,0,56,btb,tinyllama_1p1b,q4_0,512,128,greedy,0.0,42,1,nl,
20251125T053501Z-artemisia-v0a56-btb-tinyllama_1p1b-q4_0-c512-n128-g-seed42-r002,2025-11-25T05:35:01Z,logs/runs/20251125T053501Z-artemisia-v0a56-btb-tinyllama_1p1b-q4_0-c512-n128-g-seed42-r002,artemisia,0,56,btb,tinyllama_1p1b,q4_0,512,128,greedy,0.0,42,2,nl,
20251125T053504Z-artemisia-v0a56-btb-tinyllama_1p1b-q4_0-c512-n128-g-seed42-r003,2025-11-25T05:35:04Z,logs/runs/20251125T053504Z-artemisia-v0a56-btb-tinyllama_1p1b-q4_0-c512-n128-g-seed42-r003,artemisia,0,56,btb,tinyllama_1p1b,q4_0,512,128,greedy,0.0,42,3,nl,
20251125T053506Z-artemisia-v0a56-btb-tinyllama_1p1b-q4_0-c512-n128-g-seed42-r001,2025-11-25T05:35:06Z,logs/runs/20251125T053506Z-artemisia-v0a56-btb-tinyllama_1p1b-q4_0-c512-n128-g-seed42-r001,artemisia,0,56,btb,tinyllama_1p1b,q4_0,512,128,greedy,0.0,42,1,code,
20251125T053509Z-artemisia-v0a56-btb-tinyllama_1p1b-q4_0-c512-n128-g-seed42-r002,2025-11-25T05:35:09Z,logs/runs/20251125T053509Z-artemisia-v0a56-btb-tinyllama_1p1b-q4_0-c512-n128-g-seed42-r002,artemisia,0,56,btb,tinyllama_1p1b,q4_0,512,128,greedy,0.0,42,2,code,
20251125T053511Z-artemisia-v0a56-btb-tinyllama_1p1b-q4_0-c512-n128-g-seed42-r003,2025-11-25T05:35:11Z,logs/runs/20251125T053511Z-artemisia-v0a56-btb-tinyllama_1p1b-q4_0-c512-n128-g-seed42-r003,artemisia,0,56,btb,tinyllama_1p1b,q4_0,512,128,greedy,0.0,42,3,code,
20251125T053805Z-artemisia-v0a56-btb-tinyllama_1p1b-q4_0-c512-n128-g-seed42-r001,2025-11-25T05:38:05Z,logs/runs/20251125T053805Z-artemisia-v0a56-btb-tinyllama_1p1b-q4_0-c512-n128-g-seed42-r001,artemisia,0,56,btb,tinyllama_1p1b,q4_0,512,128,greedy,0.0,42,1,math,
20251125T053808Z-artemisia-v0a56-btb-tinyllama_1p1b-q4_0-c512-n128-g-seed42-r002,2025-11-25T05:38:08Z,logs/runs/20251125T053808Z-artemisia-v0a56-btb-tinyllama_1p1b-q4_0-c512-n128-g-seed42-r002,artemisia,0,56,btb,tinyllama_1p1b,q4_0,512,128,greedy,0.0,42,2,math,
20251125T053810Z-artemisia-v0a56-btb-tinyllama_1p1b-q4_0-c512-n128-g-seed42-r003,2025-11-25T05:38:10Z,logs/runs/20251125T053810Z-artemisia-v0a56-btb-tinyllama_1p1b-q4_0-c512-n128-g-seed42-r003,artemisia,0,56,btb,tinyllama_1p1b,q4_0,512,128,greedy,0.0,42,3,math,
20251125T053813Z-artemisia-v0a56-btb-tinyllama_1p1b-q4_0-c512-n128-g-seed42-r001,2025-11-25T05:38:13Z,logs/runs/20251125T053813Z-artemisia-v0a56-btb-tinyllama_1p1b-q4_0-c512-n128-g-seed42-r001,artemisia,0,56,btb,tinyllama_1p1b,q4_0,512,128,greedy,0.0,42,1,nl,
20251125T053816Z-artemisia-v0a56-btb-tinyllama_1p1b-q4_0-c512-n128-g-seed42-r002,2025-11-25T05:38:16Z,logs/runs/20251125T053816Z-artemisia-v0a56-btb-tinyllama_1p1b-q4_0-c512-n128-g-seed42-r002,artemisia,0,56,btb,tinyllama_1p1b,q4_0,512,128,greedy,0.0,42,2,nl,
20251125T053819Z-artemisia-v0a56-btb-tinyllama_1p1b-q4_0-c512-n128-g-seed42-r003,2025-11-25T05:38:19Z,logs/runs/20251125T053819Z-artemisia-v0a56-btb-tinyllama_1p1b-q4_0-c512-n128-g-seed42-r003,artemisia,0,56,btb,tinyllama_1p1b,q4_0,512,128,greedy,0.0,42,3,nl,
20251125T053822Z-artemisia-v0a56-btb-tinyllama_1p1b-q4_0-c512-n128-g-seed42-r001,2025-11-25T05:38:22Z,logs/runs/20251125T053822Z-artemisia-v0a56-btb-tinyllama_1p1b-q4_0-c512-n128-g-seed42-r001,artemisia,0,56,btb,tinyllama_1p1b,q4_0,512,128,greedy,0.0,42,1,code,
20251125T053825Z-artemisia-v0a56-btb-tinyllama_1p1b-q4_0-c512-n128-g-seed42-r002,2025-11-25T05:38:25Z,logs/runs/20251125T053825Z-artemisia-v0a56-btb-tinyllama_1p1b-q4_0-c512-n128-g-seed42-r002,artemisia,0,56,btb,tinyllama_1p1b,q4_0,512,128,greedy,0.0,42,2,code,
20251125T053827Z-artemisia-v0a56-btb-tinyllama_1p1b-q4_0-c512-n128-g-seed42-r003,2025-11-25T05:38:27Z,logs/runs/20251125T053827Z-artemisia-v0a56-btb-tinyllama_1p1b-q4_0-c512-n128-g-seed42-r003,artemisia,0,56,btb,tinyllama_1p1b,q4_0,512,128,greedy,0.0,42,3,code,
20251125T053911Z-artemisia-v0a56-btb-tinyllama_1p1b-q4_0-c512-n128-g-seed42-r001,2025-11-25T05:39:11Z,logs/runs/20251125T053911Z-artemisia-v0a56-btb-tinyllama_1p1b-q4_0-c512-n128-g-seed42-r001,artemisia,0,56,btb,tinyllama_1p1b,q4_0,512,128,greedy,0.0,42,1,math,
20251125T053914Z-artemisia-v0a56-btb-tinyllama_1p1b-q4_0-c512-n128-g-seed42-r002,2025-11-25T05:39:14Z,logs/runs/20251125T053914Z-artemisia-v0a56-btb-tinyllama_1p1b-q4_0-c512-n128-g-seed42-r002,artemisia,0,56,btb,tinyllama_1p1b,q4_0,512,128,greedy,0.0,42,2,math,
20251125T053917Z-artemisia-v0a56-btb-tinyllama_1p1b-q4_0-c512-n128-g-seed42-r003,2025-11-25T05:39:17Z,logs/runs/20251125T053917Z-artemisia-v0a56-btb-tinyllama_1p1b-q4_0-c512-n128-g-seed42-r003,artemisia,0,56,btb,tinyllama_1p1b,q4_0,512,128,greedy,0.0,42,3,math,
20251125T053920Z-artemisia-v0a56-btb-tinyllama_1p1b-q4_0-c512-n128-g-seed42-r001,2025-11-25T05:39:20Z,logs/runs/20251125T053920Z-artemisia-v0a56-btb-tinyllama_1p1b-q4_0-c512-n128-g-seed42-r001,artemisia,0,56,btb,tinyllama_1p1b,q4_0,512,128,greedy,0.0,42,1,nl,
20251125T053922Z-artemisia-v0a56-btb-tinyllama_1p1b-q4_0-c512-n128-g-seed42-r002,2025-11-25T05:39:22Z,logs/runs/20251125T053922Z-artemisia-v0a56-btb-tinyllama_1p1b-q4_0-c512-n128-g-seed42-r002,artemisia,0,56,btb,tinyllama_1p1b,q4_0,512,128,greedy,0.0,42,2,nl,
20251125T053925Z-artemisia-v0a56-btb-tinyllama_1p1b-q4_0-c512-n128-g-seed42-r003,2025-11-25T05:39:25Z,logs/runs/20251125T053925Z-artemisia-v0a56-btb-tinyllama_1p1b-q4_0-c512-n128-g-seed42-r003,artemisia,0,56,btb,tinyllama_1p1b,q4_0,512,128,greedy,0.0,42,3,nl,
20251125T053928Z-artemisia-v0a56-btb-tinyllama_1p1b-q4_0-c512-n128-g-seed42-r001,2025-11-25T05:39:28Z,logs/runs/20251125T053928Z-artemisia-v0a56-btb-tinyllama_1p1b-q4_0-c512-n128-g-seed42-r001,artemisia,0,56,btb,tinyllama_1p1b,q4_0,512,128,greedy,0.0,42,1,code,
20251125T053931Z-artemisia-v0a56-btb-tinyllama_1p1b-q4_0-c512-n128-g-seed42-r002,2025-11-25T05:39:31Z,logs/runs/20251125T053931Z-artemisia-v0a56-btb-tinyllama_1p1b-q4_0-c512-n128-g-seed42-r002,artemisia,0,56,btb,tinyllama_1p1b,q4_0,512,128,greedy,0.0,42,2,code,
20251125T053934Z-artemisia-v0a56-btb-tinyllama_1p1b-q4_0-c512-n128-g-seed42-r003,2025-11-25T05:39:34Z,logs/runs/20251125T053934Z-artemisia-v0a56-btb-tinyllama_1p1b-q4_0-c512-n128-g-seed42-r003,artemisia,0,56,btb,tinyllama_1p1b,q4_0,512,128,greedy,0.0,42,3,code,
